,PGCname,T,category_label
0,PGC0000212,1,2
1,PGC0000218,0,2
2,PGC0000243,-2,1
3,PGC0000255,9,2
4,PGC0000281,7,2
5,PGC0000282,6,2
6,PGC0000451,8,2
7,PGC0000548,8,2
8,PGC0000635,2,2
9,PGC0000639,1,2
10,PGC0000647,9,2
11,PGC0000670,4,2
12,PGC0000825,8,2
13,PGC0000963,6,2
14,PGC0001058,6,2
15,PGC0001221,6,2
16,PGC0001224,3,2
17,PGC0001237,3,2
18,PGC0001293,7,2
19,PGC0001306,1,2
20,PGC0001309,-5,0
21,PGC0001478,6,2
22,PGC0001523,6,2
23,PGC0001621,5,2
24,PGC0001713,7,2
25,PGC0001747,3,2
26,PGC0001781,10,3
27,PGC0001805,4,2
28,PGC0001841,3,2
29,PGC0001862,6,2
30,PGC0001909,4,2
31,PGC0001932,4,2
32,PGC0001933,6,2
33,PGC0001936,8,2
34,PGC0002016,8,2
35,PGC0002035,2,2
36,PGC0002076,-3,1
37,PGC0002149,-3,1
38,PGC0002151,7,2
39,PGC0002182,5,2
40,PGC0002269,6,2
41,PGC0002288,1,2
42,PGC0002331,1,2
43,PGC0002332,-3,1
44,PGC0002352,1,2
45,PGC0002357,-3,1
46,PGC0002365,8,2
47,PGC0002388,5,2
48,PGC0002391,3,2
49,PGC0002440,6,2
50,PGC0002482,1,2
51,PGC0002501,-4,0
52,PGC0002522,-6,0
53,PGC0002527,0,2
54,PGC0002597,3,2
55,PGC0002600,4,2
56,PGC0002615,6,2
57,PGC0002768,2,2
58,PGC0002800,2,2
59,PGC0002805,9,2
60,PGC0002889,5,2
61,PGC0003072,7,2
62,PGC0003140,3,2
63,PGC0003232,10,3
64,PGC0003312,-3,1
65,PGC0003314,6,2
66,PGC0003355,-3,1
67,PGC0003377,5,2
68,PGC0003451,-4,0
69,PGC0003496,8,2
70,PGC0003563,1,2
71,PGC0003566,7,2
72,PGC0003569,6,2
73,PGC0003584,2,2
74,PGC0003620,3,2
75,PGC0003781,8,2
76,PGC0003817,-4,0
77,PGC0003830,-4,0
78,PGC0003833,-2,1
79,PGC0003904,8,2
80,PGC0003960,4,2
81,PGC0003976,-5,0
82,PGC0004116,2,2
83,PGC0004124,2,2
84,PGC0004363,-3,1
85,PGC0004367,7,2
86,PGC0004368,-2,1
87,PGC0004376,-3,1
88,PGC0004415,0,2
89,PGC0004416,10,3
90,PGC0004484,1,2
91,PGC0004485,8,2
92,PGC0004500,-4,0
93,PGC0004540,6,2
94,PGC0004608,8,2
95,PGC0004647,10,3
96,PGC0004663,8,2
97,PGC0004734,6,2
98,PGC0004793,-2,1
99,PGC0004805,8,2
100,PGC0004812,4,2
101,PGC0004897,8,2
102,PGC0004899,-2,1
103,PGC0004906,2,2
104,PGC0004979,7,2
105,PGC0004992,4,2
106,PGC0005055,-3,1
107,PGC0005056,6,2
108,PGC0005078,1,2
109,PGC0005220,10,3
110,PGC0005261,0,2
111,PGC0005270,4,2
112,PGC0005271,-2,1
113,PGC0005291,8,2
114,PGC0005298,6,2
115,PGC0005326,-3,1
116,PGC0005330,8,2
117,PGC0005366,10,3
118,PGC0005415,8,2
119,PGC0005436,-3,1
120,PGC0005449,-1,1
121,PGC0005527,5,2
122,PGC0005539,1,2
123,PGC0005540,-2,1
124,PGC0005574,-2,1
125,PGC0005645,4,2
126,PGC0005673,6,2
127,PGC0005688,1,2
128,PGC0005771,6,2
129,PGC0005776,8,2
130,PGC0005792,7,2
131,PGC0005803,6,2
132,PGC0005830,3,2
133,PGC0005838,1,2
134,PGC0005932,2,2
135,PGC0005939,2,2
136,PGC0006004,-4,0
137,PGC0006005,3,2
138,PGC0006090,-3,1
139,PGC0006155,-2,1
140,PGC0006193,6,2
141,PGC0006292,9,2
142,PGC0006309,9,2
143,PGC0006318,3,2
144,PGC0006364,8,2
145,PGC0006450,-3,1
146,PGC0006504,10,3
147,PGC0006505,7,2
148,PGC0006516,8,2
149,PGC0006627,6,2
150,PGC0006628,9,2
151,PGC0006636,7,2
152,PGC0006637,9,2
153,PGC0006657,-1,1
154,PGC0006667,7,2
155,PGC0006670,0,2
156,PGC0006671,2,2
157,PGC0006673,-5,0
158,PGC0006678,6,2
159,PGC0006826,3,2
160,PGC0006832,3,2
161,PGC0006835,-2,1
162,PGC0006855,6,2
163,PGC0006861,-3,1
164,PGC0006888,1,2
165,PGC0006982,3,2
166,PGC0006986,5,2
167,PGC0007022,8,2
168,PGC0007042,8,2
169,PGC0007046,8,2
170,PGC0007063,-1,1
171,PGC0007064,-4,0
172,PGC0007090,-3,1
173,PGC0007114,3,2
174,PGC0007118,-3,1
175,PGC0007210,4,2
176,PGC0007246,6,2
177,PGC0007262,7,2
178,PGC0007328,3,2
179,PGC0007341,1,2
180,PGC0007366,3,2
181,PGC0007465,5,2
182,PGC0007485,6,2
183,PGC0007533,6,2
184,PGC0007536,-2,1
185,PGC0007574,6,2
186,PGC0007632,1,2
187,PGC0007654,10,3
188,PGC0007740,4,2
189,PGC0007741,2,2
190,PGC0007748,-3,1
191,PGC0007806,6,2
192,PGC0007835,7,2
193,PGC0007846,-2,1
194,PGC0007856,1,2
195,PGC0007889,-2,1
196,PGC0007905,7,2
197,PGC0007965,-1,1
198,PGC0007966,6,2
199,PGC0007979,4,2
200,PGC0007998,10,3
201,PGC0008014,6,2
202,PGC0008029,-1,1
203,PGC0008060,8,2
204,PGC0008165,3,2
205,PGC0008182,8,2
206,PGC0008201,-3,1
207,PGC0008225,1,2
208,PGC0008228,1,2
209,PGC0008232,4,2
210,PGC0008250,-1,1
211,PGC0008258,-2,1
212,PGC0008295,9,2
213,PGC0008302,10,3
214,PGC0008397,9,2
215,PGC0008399,-1,1
216,PGC0008406,8,2
217,PGC0008412,8,2
218,PGC0008439,2,2
219,PGC0008464,0,2
220,PGC0008502,2,2
221,PGC0008522,0,2
222,PGC0008526,1,2
223,PGC0008586,1,2
224,PGC0008659,-2,1
225,PGC0008718,-5,0
226,PGC0008876,2,2
227,PGC0008929,-2,1
228,PGC0008979,-2,1
229,PGC0009028,7,2
230,PGC0009256,5,2
231,PGC0009283,11,4
232,PGC0009352,-3,1
233,PGC0009359,-1,1
234,PGC0009376,5,2
235,PGC0009406,10,3
236,PGC0009414,9,2
237,PGC0009445,6,2
238,PGC0009514,-2,1
239,PGC0009530,10,3
240,PGC0009549,2,2
241,PGC0009617,7,2
242,PGC0009621,1,2
243,PGC0009642,-3,1
244,PGC0009643,4,2
245,PGC0009684,-2,1
246,PGC0009711,1,2
247,PGC0009765,7,2
248,PGC0009817,4,2
249,PGC0009822,4,2
250,PGC0009843,6,2
251,PGC0009846,8,2
252,PGC0009869,7,2
253,PGC0009880,5,2
254,PGC0009894,4,2
255,PGC0010060,0,2
256,PGC0010065,3,2
257,PGC0010108,4,2
258,PGC0010117,10,3
259,PGC0010122,5,2
260,PGC0010132,11,4
261,PGC0010137,1,2
262,PGC0010140,2,2
263,PGC0010175,-5,0
264,PGC0010208,3,2
265,PGC0010213,10,3
266,PGC0010249,3,2
267,PGC0010285,5,2
268,PGC0010290,2,2
269,PGC0010315,1,2
270,PGC0010381,9,2
271,PGC0010464,3,2
272,PGC0010496,6,2
273,PGC0010507,4,2
274,PGC0010559,2,2
275,PGC0010574,4,2
276,PGC0010634,2,2
277,PGC0010647,1,2
278,PGC0010649,-6,0
279,PGC0010651,-1,1
280,PGC0010673,8,2
281,PGC0010697,2,2
282,PGC0010726,3,2
283,PGC0010747,6,2
284,PGC0010766,4,2
285,PGC0010794,5,2
286,PGC0010843,-1,1
287,PGC0010854,9,2
288,PGC0010857,5,2
289,PGC0010875,1,2
290,PGC0011000,6,2
291,PGC0011007,-5,0
292,PGC0011067,6,2
293,PGC0011075,3,2
294,PGC0011112,5,2
295,PGC0011148,4,2
296,PGC0011154,8,2
297,PGC0011170,-5,0
298,PGC0011397,8,2
299,PGC0011537,-1,1
300,PGC0011573,9,2
301,PGC0011598,6,2
302,PGC0011670,0,2
303,PGC0011751,8,2
304,PGC0011767,4,2
305,PGC0011813,5,2
306,PGC0011912,2,2
307,PGC0011919,4,2
308,PGC0011966,-1,1
309,PGC0012017,1,2
310,PGC0012090,6,2
311,PGC0012163,6,2
312,PGC0012220,4,2
313,PGC0012259,3,2
314,PGC0012262,3,2
315,PGC0012466,3,2
316,PGC0012531,5,2
317,PGC0012560,5,2
318,PGC0012620,5,2
319,PGC0012633,3,2
320,PGC0012655,4,2
321,PGC0012733,8,2
322,PGC0012772,2,2
323,PGC0012801,-6,0
324,PGC0012803,3,2
325,PGC0013005,3,2
326,PGC0013009,3,2
327,PGC0013117,4,2
328,PGC0013204,5,2
329,PGC0013218,-3,1
330,PGC0013308,8,2
331,PGC0013394,5,2
332,PGC0013406,6,2
333,PGC0013407,7,2
334,PGC0013421,6,2
335,PGC0013426,6,2
336,PGC0013535,6,2
337,PGC0013600,0,2
338,PGC0013702,4,2
339,PGC0013879,4,2
340,PGC0013903,8,2
341,PGC0014004,-3,1
342,PGC0014100,6,2
343,PGC0020545,8,2
344,PGC0020799,2,2
345,PGC0020886,4,2
346,PGC0020900,4,2
347,PGC0021014,-5,0
348,PGC0021073,10,3
349,PGC0021104,8,2
350,PGC0021119,5,2
351,PGC0021120,7,2
352,PGC0021144,3,2
353,PGC0021154,6,2
354,PGC0021168,7,2
355,PGC0021187,4,2
356,PGC0021220,-3,1
357,PGC0021244,8,2
358,PGC0021280,0,2
359,PGC0021291,4,2
360,PGC0021321,8,2
361,PGC0021336,3,2
362,PGC0021341,2,2
363,PGC0021372,1,2
364,PGC0021382,-2,1
365,PGC0021402,2,2
366,PGC0021414,0,2
367,PGC0021431,4,2
368,PGC0021437,1,2
369,PGC0021443,6,2
370,PGC0021475,4,2
371,PGC0021491,9,2
372,PGC0021495,6,2
373,PGC0021513,6,2
374,PGC0021515,8,2
375,PGC0021517,10,3
376,PGC0021542,-5,0
377,PGC0021555,8,2
378,PGC0021558,3,2
379,PGC0021578,7,2
380,PGC0021580,5,2
381,PGC0021581,2,2
382,PGC0021585,10,3
383,PGC0021600,10,3
384,PGC0021618,2,2
385,PGC0021657,7,2
386,PGC0021659,-5,0
387,PGC0021665,1,2
388,PGC0021676,1,2
389,PGC0021680,5,2
390,PGC0021688,8,2
391,PGC0021733,6,2
392,PGC0021755,3,2
393,PGC0021767,0,2
394,PGC0021774,-2,1
395,PGC0021776,3,2
396,PGC0021782,6,2
397,PGC0021786,-3,1
398,PGC0021789,4,2
399,PGC0021802,2,2
400,PGC0021819,6,2
401,PGC0021847,5,2
402,PGC0021849,6,2
403,PGC0021857,5,2
404,PGC0021891,8,2
405,PGC0021909,6,2
406,PGC0021918,4,2
407,PGC0021919,7,2
408,PGC0021927,2,2
409,PGC0021940,5,2
410,PGC0021976,6,2
411,PGC0021978,6,2
412,PGC0021983,7,2
413,PGC0022008,3,2
414,PGC0022032,4,2
415,PGC0022042,9,2
416,PGC0022052,4,2
417,PGC0022063,4,2
418,PGC0022093,2,2
419,PGC0022096,7,2
420,PGC0022110,4,2
421,PGC0022134,4,2
422,PGC0022143,8,2
423,PGC0022144,8,2
424,PGC0022151,7,2
425,PGC0022162,-1,1
426,PGC0022176,6,2
427,PGC0022188,6,2
428,PGC0022205,4,2
429,PGC0022260,-5,0
430,PGC0022266,1,2
431,PGC0022279,5,2
432,PGC0022297,7,2
433,PGC0022305,10,3
434,PGC0022314,1,2
435,PGC0022317,1,2
436,PGC0022321,-6,0
437,PGC0022322,-5,0
438,PGC0022340,8,2
439,PGC0022343,4,2
440,PGC0022350,-5,0
441,PGC0022378,2,2
442,PGC0022381,3,2
443,PGC0022389,6,2
444,PGC0022391,6,2
445,PGC0022397,-5,0
446,PGC0022403,3,2
447,PGC0022404,0,2
448,PGC0022408,1,2
449,PGC0022417,3,2
450,PGC0022418,1,2
451,PGC0022443,1,2
452,PGC0022445,3,2
453,PGC0022446,9,2
454,PGC0022453,5,2
455,PGC0022468,9,2
456,PGC0022495,9,2
457,PGC0022501,-5,0
458,PGC0022510,0,2
459,PGC0022525,7,2
460,PGC0022542,3,2
461,PGC0022554,2,2
462,PGC0022565,4,2
463,PGC0022581,6,2
464,PGC0022585,-3,1
465,PGC0022596,3,2
466,PGC0022609,-3,1
467,PGC0022618,7,2
468,PGC0022644,1,2
469,PGC0022677,8,2
470,PGC0022678,6,2
471,PGC0022681,4,2
472,PGC0022693,6,2
473,PGC0022698,5,2
474,PGC0022707,-3,1
475,PGC0022710,8,2
476,PGC0022724,3,2
477,PGC0022749,1,2
478,PGC0022752,6,2
479,PGC0022755,-1,1
480,PGC0022762,1,2
481,PGC0022766,4,2
482,PGC0022767,-2,1
483,PGC0022772,6,2
484,PGC0022800,-5,0
485,PGC0022802,6,2
486,PGC0022803,8,2
487,PGC0022805,4,2
488,PGC0022827,6,2
489,PGC0022830,8,2
490,PGC0022838,-5,0
491,PGC0022860,4,2
492,PGC0022866,-3,1
493,PGC0022867,1,2
494,PGC0022873,7,2
495,PGC0022881,-1,1
496,PGC0022883,4,2
497,PGC0022890,1,2
498,PGC0022896,4,2
499,PGC0022915,4,2
500,PGC0022921,6,2
501,PGC0022922,4,2
502,PGC0022941,8,2
503,PGC0022950,-5,0
504,PGC0022955,9,2
505,PGC0022957,5,2
506,PGC0022958,6,2
507,PGC0022962,3,2
508,PGC0023017,4,2
509,PGC0023024,-1,1
510,PGC0023028,3,2
511,PGC0023040,9,2
512,PGC0023047,4,2
513,PGC0023057,6,2
514,PGC0023064,6,2
515,PGC0023069,4,2
516,PGC0023071,7,2
517,PGC0023086,1,2
518,PGC0023093,3,2
519,PGC0023103,2,2
520,PGC0023110,7,2
521,PGC0023111,0,2
522,PGC0023117,4,2
523,PGC0023147,6,2
524,PGC0023152,8,2
525,PGC0023160,-3,1
526,PGC0023169,4,2
527,PGC0023170,4,2
528,PGC0023173,4,2
529,PGC0023193,-3,1
530,PGC0023225,8,2
531,PGC0023232,4,2
532,PGC0023245,8,2
533,PGC0023256,0,2
534,PGC0023259,1,2
535,PGC0023266,8,2
536,PGC0023271,5,2
537,PGC0023279,8,2
538,PGC0023289,3,2
539,PGC0023313,-2,1
540,PGC0023319,6,2
541,PGC0023329,-1,1
542,PGC0023337,1,2
543,PGC0023340,9,2
544,PGC0023362,1,2
545,PGC0023367,-2,1
546,PGC0023383,-1,1
547,PGC0023385,7,2
548,PGC0023391,8,2
549,PGC0023395,1,2
550,PGC0023404,-3,1
551,PGC0023407,-1,1
552,PGC0023409,1,2
553,PGC0023412,1,2
554,PGC0023422,-1,1
555,PGC0023441,1,2
556,PGC0023443,4,2
557,PGC0023447,4,2
558,PGC0023465,7,2
559,PGC0023474,3,2
560,PGC0023480,1,2
561,PGC0023483,7,2
562,PGC0023485,6,2
563,PGC0023495,1,2
564,PGC0023498,-3,1
565,PGC0023499,0,2
566,PGC0023501,6,2
567,PGC0023504,4,2
568,PGC0023512,2,2
569,PGC0023513,6,2
570,PGC0023519,6,2
571,PGC0023522,6,2
572,PGC0023542,3,2
573,PGC0023546,8,2
574,PGC0023552,-3,1
575,PGC0023567,3,2
576,PGC0023598,6,2
577,PGC0023609,4,2
578,PGC0023616,3,2
579,PGC0023630,3,2
580,PGC0023643,6,2
581,PGC0023650,3,2
582,PGC0023661,7,2
583,PGC0023662,5,2
584,PGC0023673,-3,1
585,PGC0023684,5,2
586,PGC0023685,1,2
587,PGC0023688,0,2
588,PGC0023691,8,2
589,PGC0023695,8,2
590,PGC0023700,0,2
591,PGC0023701,-5,0
592,PGC0023705,4,2
593,PGC0023711,6,2
594,PGC0023717,8,2
595,PGC0023725,6,2
596,PGC0023741,7,2
597,PGC0023769,10,3
598,PGC0023788,6,2
599,PGC0023812,4,2
600,PGC0023816,8,2
601,PGC0023834,-6,0
602,PGC0023843,5,2
603,PGC0023845,8,2
604,PGC0023855,1,2
605,PGC0023860,3,2
606,PGC0023878,6,2
607,PGC0023880,6,2
608,PGC0023885,8,2
609,PGC0023910,7,2
610,PGC0023913,5,2
611,PGC0023917,-1,1
612,PGC0023918,2,2
613,PGC0023936,5,2
614,PGC0023941,1,2
615,PGC0023973,1,2
616,PGC0023978,5,2
617,PGC0023993,1,2
618,PGC0023996,4,2
619,PGC0023998,6,2
620,PGC0024002,-2,1
621,PGC0024082,4,2
622,PGC0024104,8,2
623,PGC0024108,1,2
624,PGC0024111,3,2
625,PGC0024152,1,2
626,PGC0024156,1,2
627,PGC0024166,0,2
628,PGC0024230,0,2
629,PGC0024235,5,2
630,PGC0024242,8,2
631,PGC0024244,7,2
632,PGC0024299,4,2
633,PGC0024309,1,2
634,PGC0024348,5,2
635,PGC0024351,9,2
636,PGC0024372,3,2
637,PGC0024374,10,3
638,PGC0024399,4,2
639,PGC0024423,5,2
640,PGC0024428,5,2
641,PGC0024438,2,2
642,PGC0024442,3,2
643,PGC0024453,1,2
644,PGC0024470,7,2
645,PGC0024475,7,2
646,PGC0024493,8,2
647,PGC0024506,1,2
648,PGC0024509,6,2
649,PGC0024517,1,2
650,PGC0024528,-1,1
651,PGC0024530,3,2
652,PGC0024531,4,2
653,PGC0024532,5,2
654,PGC0024545,6,2
655,PGC0024548,7,2
656,PGC0024572,1,2
657,PGC0024573,8,2
658,PGC0024575,4,2
659,PGC0024594,8,2
660,PGC0024595,6,2
661,PGC0024621,4,2
662,PGC0024640,8,2
663,PGC0024641,4,2
664,PGC0024654,3,2
665,PGC0024665,1,2
666,PGC0024669,-5,0
667,PGC0024674,6,2
668,PGC0024678,3,2
669,PGC0024688,-2,1
670,PGC0024707,-3,1
671,PGC0024710,0,2
672,PGC0024728,-5,0
673,PGC0024743,7,2
674,PGC0024762,2,2
675,PGC0024771,5,2
676,PGC0024784,1,2
677,PGC0024791,3,2
678,PGC0024796,6,2
679,PGC0024830,6,2
680,PGC0024833,6,2
681,PGC0024839,4,2
682,PGC0024865,10,3
683,PGC0024881,-1,1
684,PGC0024884,-1,1
685,PGC0024887,7,2
686,PGC0024908,4,2
687,PGC0024909,-2,1
688,PGC0024930,2,2
689,PGC0024944,8,2
690,PGC0024948,5,2
691,PGC0024960,6,2
692,PGC0024961,0,2
693,PGC0024963,7,2
694,PGC0024964,2,2
695,PGC0024981,3,2
696,PGC0024996,5,2
697,PGC0025001,8,2
698,PGC0025009,-2,1
699,PGC0025012,7,2
700,PGC0025020,2,2
701,PGC0025065,0,2
702,PGC0025081,7,2
703,PGC0025086,5,2
704,PGC0025128,7,2
705,PGC0025134,2,2
706,PGC0025142,-1,1
707,PGC0025143,-2,1
708,PGC0025144,-5,0
709,PGC0025147,7,2
710,PGC0025154,6,2
711,PGC0025161,3,2
712,PGC0025172,0,2
713,PGC0025185,10,3
714,PGC0025194,0,2
715,PGC0025210,4,2
716,PGC0025224,1,2
717,PGC0025225,3,2
718,PGC0025226,-3,1
719,PGC0025232,10,3
720,PGC0025235,8,2
721,PGC0025237,6,2
722,PGC0025248,3,2
723,PGC0025258,5,2
724,PGC0025280,-5,0
725,PGC0025281,9,2
726,PGC0025282,4,2
727,PGC0025283,2,2
728,PGC0025284,10,3
729,PGC0025290,2,2
730,PGC0025292,9,2
731,PGC0025305,4,2
732,PGC0025308,3,2
733,PGC0025318,7,2
734,PGC0025328,-2,1
735,PGC0025331,5,2
736,PGC0025341,6,2
737,PGC0025352,-2,1
738,PGC0025360,4,2
739,PGC0025369,7,2
740,PGC0025399,2,2
741,PGC0025402,-6,0
742,PGC0025405,5,2
743,PGC0025406,6,2
744,PGC0025423,4,2
745,PGC0025426,3,2
746,PGC0025467,5,2
747,PGC0025472,7,2
748,PGC0025496,7,2
749,PGC0025498,5,2
750,PGC0025521,10,3
751,PGC0025524,-5,0
752,PGC0025525,3,2
753,PGC0025533,1,2
754,PGC0025545,8,2
755,PGC0025547,1,2
756,PGC0025556,9,2
757,PGC0025562,8,2
758,PGC0025571,-2,1
759,PGC0025596,7,2
760,PGC0025600,1,2
761,PGC0025640,4,2
762,PGC0025644,8,2
763,PGC0025646,-2,1
764,PGC0025679,9,2
765,PGC0025683,1,2
766,PGC0025718,-3,1
767,PGC0025726,6,2
768,PGC0025735,2,2
769,PGC0025757,3,2
770,PGC0025781,7,2
771,PGC0025806,4,2
772,PGC0025836,3,2
773,PGC0025845,6,2
774,PGC0025847,4,2
775,PGC0025858,11,4
776,PGC0025861,1,2
777,PGC0025870,1,2
778,PGC0025875,2,2
779,PGC0025876,9,2
780,PGC0025910,7,2
781,PGC0025911,8,2
782,PGC0025915,-2,1
783,PGC0025919,9,2
784,PGC0025940,9,2
785,PGC0025946,4,2
786,PGC0025955,-3,1
787,PGC0025956,5,2
788,PGC0025972,9,2
789,PGC0025976,6,2
790,PGC0025977,8,2
791,PGC0025986,6,2
792,PGC0026000,-5,0
793,PGC0026002,2,2
794,PGC0026012,4,2
795,PGC0026013,-3,1
796,PGC0026015,4,2
797,PGC0026034,1,2
798,PGC0026048,5,2
799,PGC0026055,2,2
800,PGC0026058,5,2
801,PGC0026068,6,2
802,PGC0026083,9,2
803,PGC0026086,6,2
804,PGC0026089,0,2
805,PGC0026100,2,2
806,PGC0026104,9,2
807,PGC0026108,9,2
808,PGC0026127,2,2
809,PGC0026142,10,3
810,PGC0026150,8,2
811,PGC0026173,6,2
812,PGC0026178,1,2
813,PGC0026189,8,2
814,PGC0026197,2,2
815,PGC0026218,8,2
816,PGC0026224,8,2
817,PGC0026225,6,2
818,PGC0026232,1,2
819,PGC0026234,6,2
820,PGC0026238,6,2
821,PGC0026246,1,2
822,PGC0026258,2,2
823,PGC0026282,4,2
824,PGC0026283,6,2
825,PGC0026294,7,2
826,PGC0026302,-5,0
827,PGC0026304,7,2
828,PGC0026323,-5,0
829,PGC0026329,6,2
830,PGC0026330,1,2
831,PGC0026338,4,2
832,PGC0026340,1,2
833,PGC0026345,-2,1
834,PGC0026346,-2,1
835,PGC0026351,10,3
836,PGC0026357,3,2
837,PGC0026363,3,2
838,PGC0026368,1,2
839,PGC0026371,4,2
840,PGC0026376,-3,1
841,PGC0026377,-5,0
842,PGC0026381,6,2
843,PGC0026390,4,2
844,PGC0026398,-4,0
845,PGC0026403,1,2
846,PGC0026407,6,2
847,PGC0026409,8,2
848,PGC0026410,6,2
849,PGC0026412,8,2
850,PGC0026418,5,2
851,PGC0026443,6,2
852,PGC0026445,4,2
853,PGC0026469,9,2
854,PGC0026471,6,2
855,PGC0026485,10,3
856,PGC0026495,6,2
857,PGC0026498,6,2
858,PGC0026501,3,2
859,PGC0026504,-5,0
860,PGC0026512,1,2
861,PGC0026517,8,2
862,PGC0026528,3,2
863,PGC0026538,8,2
864,PGC0026540,7,2
865,PGC0026541,6,2
866,PGC0026543,4,2
867,PGC0026553,5,2
868,PGC0026556,-1,1
869,PGC0026563,5,2
870,PGC0026571,-6,0
871,PGC0026575,8,2
872,PGC0026576,6,2
873,PGC0026580,4,2
874,PGC0026599,8,2
875,PGC0026607,3,2
876,PGC0026625,6,2
877,PGC0026631,3,2
878,PGC0026642,8,2
879,PGC0026643,8,2
880,PGC0026649,0,2
881,PGC0026663,9,2
882,PGC0026666,5,2
883,PGC0026685,1,2
884,PGC0026721,6,2
885,PGC0026727,7,2
886,PGC0026733,-5,0
887,PGC0026739,-1,1
888,PGC0026740,3,2
889,PGC0026752,8,2
890,PGC0026759,1,2
891,PGC0026762,8,2
892,PGC0026766,4,2
893,PGC0026785,-1,1
894,PGC0026787,4,2
895,PGC0026817,3,2
896,PGC0026822,9,2
897,PGC0026854,-4,0
898,PGC0026856,4,2
899,PGC0026871,6,2
900,PGC0026873,3,2
901,PGC0026895,9,2
902,PGC0026899,8,2
903,PGC0026903,5,2
904,PGC0026904,8,2
905,PGC0026932,0,2
906,PGC0026939,-2,1
907,PGC0026950,-2,1
908,PGC0026959,9,2
909,PGC0026970,3,2
910,PGC0026974,6,2
911,PGC0026979,0,2
912,PGC0026982,4,2
913,PGC0026998,-2,1
914,PGC0027016,7,2
915,PGC0027029,4,2
916,PGC0027041,-1,1
917,PGC0027047,6,2
918,PGC0027049,-2,1
919,PGC0027059,7,2
920,PGC0027064,0,2
921,PGC0027074,3,2
922,PGC0027079,8,2
923,PGC0027091,10,3
924,PGC0027108,3,2
925,PGC0027111,-5,0
926,PGC0027121,2,2
927,PGC0027154,7,2
928,PGC0027166,6,2
929,PGC0027169,6,2
930,PGC0027219,3,2
931,PGC0027248,8,2
932,PGC0027261,8,2
933,PGC0027266,3,2
934,PGC0027282,-1,1
935,PGC0027331,8,2
936,PGC0027358,3,2
937,PGC0027361,3,2
938,PGC0027362,-2,1
939,PGC0027416,8,2
940,PGC0027423,-5,0
941,PGC0027472,-2,1
942,PGC0027477,3,2
943,PGC0027504,8,2
944,PGC0027518,3,2
945,PGC0027527,5,2
946,PGC0027533,6,2
947,PGC0027546,-2,1
948,PGC0027547,5,2
949,PGC0027549,7,2
950,PGC0027558,6,2
951,PGC0027619,0,2
952,PGC0027620,3,2
953,PGC0027630,6,2
954,PGC0027635,0,2
955,PGC0027662,6,2
956,PGC0027665,-2,1
957,PGC0027681,4,2
958,PGC0027709,8,2
959,PGC0027716,-2,1
960,PGC0027723,4,2
961,PGC0027753,-1,1
962,PGC0027765,-1,1
963,PGC0027777,3,2
964,PGC0027780,4,2
965,PGC0027784,10,3
966,PGC0027785,10,3
967,PGC0027789,3,2
968,PGC0027800,-1,1
969,PGC0027803,4,2
970,PGC0027813,-3,1
971,PGC0027826,4,2
972,PGC0027827,-2,1
973,PGC0027830,-3,1
974,PGC0027843,2,2
975,PGC0027859,2,2
976,PGC0027860,2,2
977,PGC0027875,10,3
978,PGC0027893,6,2
979,PGC0027925,4,2
980,PGC0027935,10,3
981,PGC0027939,1,2
982,PGC0027944,2,2
983,PGC0027946,4,2
984,PGC0027958,0,2
985,PGC0027968,7,2
986,PGC0027981,2,2
987,PGC0027987,7,2
988,PGC0027993,8,2
989,PGC0027997,7,2
990,PGC0027998,-3,1
991,PGC0028009,-2,1
992,PGC0028010,6,2
993,PGC0028018,6,2
994,PGC0028026,4,2
995,PGC0028032,3,2
996,PGC0028033,3,2
997,PGC0028054,8,2
998,PGC0028099,4,2
999,PGC0028101,8,2
1000,PGC0028120,9,2
1001,PGC0028126,6,2
1002,PGC0028148,7,2
1003,PGC0028186,5,2
1004,PGC0028196,5,2
1005,PGC0028197,7,2
1006,PGC0028225,6,2
1007,PGC0028240,3,2
1008,PGC0028259,0,2
1009,PGC0028269,3,2
1010,PGC0028270,-5,0
1011,PGC0028274,3,2
1012,PGC0028296,6,2
1013,PGC0028305,10,3
1014,PGC0028317,10,3
1015,PGC0028324,9,2
1016,PGC0028328,4,2
1017,PGC0028351,7,2
1018,PGC0028352,8,2
1019,PGC0028353,2,2
1020,PGC0028357,3,2
1021,PGC0028366,6,2
1022,PGC0028370,10,3
1023,PGC0028378,10,3
1024,PGC0028383,7,2
1025,PGC0028390,8,2
1026,PGC0028408,10,3
1027,PGC0028414,-5,0
1028,PGC0028420,1,2
1029,PGC0028424,-1,1
1030,PGC0028452,3,2
1031,PGC0028463,10,3
1032,PGC0028470,3,2
1033,PGC0028489,9,2
1034,PGC0028495,7,2
1035,PGC0028498,1,2
1036,PGC0028517,5,2
1037,PGC0028520,4,2
1038,PGC0028531,6,2
1039,PGC0028542,9,2
1040,PGC0028551,7,2
1041,PGC0028563,7,2
1042,PGC0028590,6,2
1043,PGC0028617,3,2
1044,PGC0028623,9,2
1045,PGC0028627,9,2
1046,PGC0028630,2,2
1047,PGC0028645,4,2
1048,PGC0028655,1,2
1049,PGC0028672,6,2
1050,PGC0028699,2,2
1051,PGC0028714,10,3
1052,PGC0028741,8,2
1053,PGC0028757,10,3
1054,PGC0028789,10,3
1055,PGC0028796,-5,0
1056,PGC0028805,3,2
1057,PGC0028809,3,2
1058,PGC0028815,-2,1
1059,PGC0028818,7,2
1060,PGC0028846,4,2
1061,PGC0028852,8,2
1062,PGC0028868,10,3
1063,PGC0028888,5,2
1064,PGC0028897,-5,0
1065,PGC0028910,0,2
1066,PGC0028913,10,3
1067,PGC0028939,5,2
1068,PGC0028947,8,2
1069,PGC0028949,3,2
1070,PGC0028964,-3,1
1071,PGC0028974,-1,1
1072,PGC0028984,1,2
1073,PGC0029024,-5,0
1074,PGC0029030,6,2
1075,PGC0029036,8,2
1076,PGC0029043,10,3
1077,PGC0029050,4,2
1078,PGC0029057,2,2
1079,PGC0029061,-3,1
1080,PGC0029142,0,2
1081,PGC0029146,-1,1
1082,PGC0029156,6,2
1083,PGC0029172,6,2
1084,PGC0029174,7,2
1085,PGC0029186,9,2
1086,PGC0029196,1,2
1087,PGC0029205,6,2
1088,PGC0029206,3,2
1089,PGC0029209,3,2
1090,PGC0029220,-5,0
1091,PGC0029229,10,3
1092,PGC0029230,9,2
1093,PGC0029237,3,2
1094,PGC0029247,8,2
1095,PGC0029249,-5,0
1096,PGC0029261,6,2
1097,PGC0029295,6,2
1098,PGC0029338,-5,0
1099,PGC0029340,-5,0
1100,PGC0029365,9,2
1101,PGC0029413,9,2
1102,PGC0029415,8,2
1103,PGC0029427,9,2
1104,PGC0029428,9,2
1105,PGC0029459,7,2
1106,PGC0029460,3,2
1107,PGC0029468,10,3
1108,PGC0029469,8,2
1109,PGC0029472,5,2
1110,PGC0029474,3,2
1111,PGC0029475,-2,1
1112,PGC0029484,3,2
1113,PGC0029488,11,4
1114,PGC0029496,4,2
1115,PGC0029526,6,2
1116,PGC0029539,4,2
1117,PGC0029549,9,2
1118,PGC0029550,8,2
1119,PGC0029567,2,2
1120,PGC0029595,10,3
1121,PGC0029603,9,2
1122,PGC0029614,6,2
1123,PGC0029664,4,2
1124,PGC0029671,5,2
1125,PGC0029683,6,2
1126,PGC0029696,3,2
1127,PGC0029706,1,2
1128,PGC0029711,5,2
1129,PGC0029730,-1,1
1130,PGC0029745,-2,1
1131,PGC0029746,7,2
1132,PGC0029747,6,2
1133,PGC0029798,9,2
1134,PGC0029805,0,2
1135,PGC0029807,-4,0
1136,PGC0029814,0,2
1137,PGC0029822,-5,0
1138,PGC0029824,6,2
1139,PGC0029835,8,2
1140,PGC0029851,9,2
1141,PGC0029855,2,2
1142,PGC0029889,2,2
1143,PGC0029919,5,2
1144,PGC0029943,5,2
1145,PGC0029953,2,2
1146,PGC0029956,6,2
1147,PGC0029969,9,2
1148,PGC0029983,3,2
1149,PGC0029995,4,2
1150,PGC0029997,8,2
1151,PGC0030001,-5,0
1152,PGC0030018,9,2
1153,PGC0030027,-3,1
1154,PGC0030036,2,2
1155,PGC0030042,10,3
1156,PGC0030044,3,2
1157,PGC0030078,-1,1
1158,PGC0030084,4,2
1159,PGC0030087,5,2
1160,PGC0030094,2,2
1161,PGC0030136,3,2
1162,PGC0030151,-2,1
1163,PGC0030153,3,2
1164,PGC0030176,-1,1
1165,PGC0030178,5,2
1166,PGC0030183,3,2
1167,PGC0030187,10,3
1168,PGC0030197,5,2
1169,PGC0030217,5,2
1170,PGC0030236,2,2
1171,PGC0030240,-1,1
1172,PGC0030310,8,2
1173,PGC0030322,6,2
1174,PGC0030334,2,2
1175,PGC0030364,3,2
1176,PGC0030371,0,2
1177,PGC0030372,8,2
1178,PGC0030386,5,2
1179,PGC0030413,7,2
1180,PGC0030419,-3,1
1181,PGC0030430,6,2
1182,PGC0030449,6,2
1183,PGC0030459,4,2
1184,PGC0030462,9,2
1185,PGC0030463,-1,1
1186,PGC0030468,6,2
1187,PGC0030513,9,2
1188,PGC0030569,6,2
1189,PGC0030579,6,2
1190,PGC0030610,0,2
1191,PGC0030680,4,2
1192,PGC0030684,6,2
1193,PGC0030686,-5,0
1194,PGC0030694,4,2
1195,PGC0030795,6,2
1196,PGC0030829,3,2
1197,PGC0030832,10,3
1198,PGC0030839,6,2
1199,PGC0030871,8,2
1200,PGC0030885,6,2
1201,PGC0030971,4,2
1202,PGC0031003,5,2
1203,PGC0031032,10,3
1204,PGC0031037,9,2
1205,PGC0031040,7,2
1206,PGC0031063,4,2
1207,PGC0031067,3,2
1208,PGC0031083,5,2
1209,PGC0031125,9,2
1210,PGC0031130,8,2
1211,PGC0031141,0,2
1212,PGC0031145,4,2
1213,PGC0031192,8,2
1214,PGC0031198,-2,1
1215,PGC0031235,4,2
1216,PGC0031236,4,2
1217,PGC0031269,-2,1
1218,PGC0031275,5,2
1219,PGC0031307,9,2
1220,PGC0031336,2,2
1221,PGC0031427,10,3
1222,PGC0031428,4,2
1223,PGC0031442,9,2
1224,PGC0031446,2,2
1225,PGC0031457,-5,0
1226,PGC0031472,-1,1
1227,PGC0031477,10,3
1228,PGC0031528,3,2
1229,PGC0031539,-2,1
1230,PGC0031545,4,2
1231,PGC0031567,2,2
1232,PGC0031572,1,2
1233,PGC0031594,8,2
1234,PGC0031604,2,2
1235,PGC0031650,8,2
1236,PGC0031651,4,2
1237,PGC0031671,7,2
1238,PGC0031673,3,2
1239,PGC0031689,-5,0
1240,PGC0031693,10,3
1241,PGC0031701,1,2
1242,PGC0031708,3,2
1243,PGC0031758,3,2
1244,PGC0031768,-5,0
1245,PGC0031771,6,2
1246,PGC0031782,7,2
1247,PGC0031817,4,2
1248,PGC0031834,7,2
1249,PGC0031845,-5,0
1250,PGC0031863,1,2
1251,PGC0031865,7,2
1252,PGC0031883,5,2
1253,PGC0031892,3,2
1254,PGC0031923,9,2
1255,PGC0031965,1,2
1256,PGC0031982,5,2
1257,PGC0032021,3,2
1258,PGC0032032,-5,0
1259,PGC0032041,9,2
1260,PGC0032048,10,3
1261,PGC0032069,4,2
1262,PGC0032078,5,2
1263,PGC0032084,0,2
1264,PGC0032086,6,2
1265,PGC0032087,4,2
1266,PGC0032088,3,2
1267,PGC0032103,10,3
1268,PGC0032119,6,2
1269,PGC0032123,1,2
1270,PGC0032134,0,2
1271,PGC0032149,4,2
1272,PGC0032153,7,2
1273,PGC0032178,3,2
1274,PGC0032182,6,2
1275,PGC0032183,5,2
1276,PGC0032204,7,2
1277,PGC0032208,3,2
1278,PGC0032221,9,2
1279,PGC0032226,9,2
1280,PGC0032234,3,2
1281,PGC0032244,-5,0
1282,PGC0032245,2,2
1283,PGC0032248,9,2
1284,PGC0032249,-3,1
1285,PGC0032251,5,2
1286,PGC0032259,8,2
1287,PGC0032266,4,2
1288,PGC0032285,-3,1
1289,PGC0032306,6,2
1290,PGC0032307,2,2
1291,PGC0032321,5,2
1292,PGC0032337,8,2
1293,PGC0032342,1,2
1294,PGC0032343,10,3
1295,PGC0032364,8,2
1296,PGC0032383,-4,0
1297,PGC0032384,8,2
1298,PGC0032385,10,3
1299,PGC0032390,9,2
1300,PGC0032396,6,2
1301,PGC0032405,10,3
1302,PGC0032423,-5,0
1303,PGC0032424,3,2
1304,PGC0032434,6,2
1305,PGC0032437,8,2
1306,PGC0032449,4,2
1307,PGC0032452,1,2
1308,PGC0032471,11,4
1309,PGC0032484,4,2
1310,PGC0032495,5,2
1311,PGC0032508,-2,1
1312,PGC0032519,6,2
1313,PGC0032529,5,2
1314,PGC0032535,0,2
1315,PGC0032540,6,2
1316,PGC0032543,9,2
1317,PGC0032567,3,2
1318,PGC0032568,-1,1
1319,PGC0032570,9,2
1320,PGC0032579,0,2
1321,PGC0032584,3,2
1322,PGC0032595,3,2
1323,PGC0032604,9,2
1324,PGC0032611,1,2
1325,PGC0032613,2,2
1326,PGC0032614,4,2
1327,PGC0032616,3,2
1328,PGC0032626,-3,1
1329,PGC0032637,3,2
1330,PGC0032643,9,2
1331,PGC0032652,8,2
1332,PGC0032659,-3,1
1333,PGC0032661,9,2
1334,PGC0032679,3,2
1335,PGC0032680,4,2
1336,PGC0032697,7,2
1337,PGC0032705,3,2
1338,PGC0032714,9,2
1339,PGC0032726,1,2
1340,PGC0032729,4,2
1341,PGC0032738,5,2
1342,PGC0032740,9,2
1343,PGC0032765,1,2
1344,PGC0032772,8,2
1345,PGC0032786,3,2
1346,PGC0032822,-1,1
1347,PGC0032831,2,2
1348,PGC0032850,1,2
1349,PGC0032854,-2,1
1350,PGC0032863,4,2
1351,PGC0032870,10,3
1352,PGC0032871,8,2
1353,PGC0032876,8,2
1354,PGC0032907,9,2
1355,PGC0032937,1,2
1356,PGC0032940,-3,1
1357,PGC0032976,4,2
1358,PGC0032986,6,2
1359,PGC0032987,-5,0
1360,PGC0032991,5,2
1361,PGC0032995,0,2
1362,PGC0033002,1,2
1363,PGC0033004,-2,1
1364,PGC0033019,6,2
1365,PGC0033030,-1,1
1366,PGC0033033,3,2
1367,PGC0033040,2,2
1368,PGC0033044,4,2
1369,PGC0033045,8,2
1370,PGC0033058,1,2
1371,PGC0033065,3,2
1372,PGC0033067,2,2
1373,PGC0033069,4,2
1374,PGC0033074,3,2
1375,PGC0033078,-3,1
1376,PGC0033081,2,2
1377,PGC0033090,-5,0
1378,PGC0033091,-3,1
1379,PGC0033101,4,2
1380,PGC0033104,1,2
1381,PGC0033105,0,2
1382,PGC0033114,0,2
1383,PGC0033120,4,2
1384,PGC0033128,-3,1
1385,PGC0033138,-3,1
1386,PGC0033140,5,2
1387,PGC0033144,-2,1
1388,PGC0033147,5,2
1389,PGC0033150,-5,0
1390,PGC0033153,4,2
1391,PGC0033158,-2,1
1392,PGC0033159,1,2
1393,PGC0033160,-2,1
1394,PGC0033161,3,2
1395,PGC0033168,2,2
1396,PGC0033175,4,2
1397,PGC0033180,-5,0
1398,PGC0033188,7,2
1399,PGC0033190,4,2
1400,PGC0033198,2,2
1401,PGC0033203,6,2
1402,PGC0033220,4,2
1403,PGC0033234,5,2
1404,PGC0033238,1,2
1405,PGC0033240,4,2
1406,PGC0033242,6,2
1407,PGC0033257,1,2
1408,PGC0033269,4,2
1409,PGC0033294,4,2
1410,PGC0033310,6,2
1411,PGC0033312,-5,0
1412,PGC0033319,4,2
1413,PGC0033320,3,2
1414,PGC0033325,5,2
1415,PGC0033330,4,2
1416,PGC0033339,-5,0
1417,PGC0033346,10,3
1418,PGC0033364,6,2
1419,PGC0033370,2,2
1420,PGC0033379,3,2
1421,PGC0033380,-3,1
1422,PGC0033386,-4,0
1423,PGC0033387,4,2
1424,PGC0033394,-3,1
1425,PGC0033396,8,2
1426,PGC0033404,0,2
1427,PGC0033421,6,2
1428,PGC0033433,3,2
1429,PGC0033436,6,2
1430,PGC0033444,6,2
1431,PGC0033446,4,2
1432,PGC0033454,-3,1
1433,PGC0033455,-1,1
1434,PGC0033459,-3,1
1435,PGC0033461,4,2
1436,PGC0033477,2,2
1437,PGC0033479,8,2
1438,PGC0033485,3,2
1439,PGC0033495,3,2
1440,PGC0033510,0,2
1441,PGC0033529,8,2
1442,PGC0033532,3,2
1443,PGC0033550,3,2
1444,PGC0033558,3,2
1445,PGC0033566,2,2
1446,PGC0033567,3,2
1447,PGC0033569,5,2
1448,PGC0033572,-3,1
1449,PGC0033573,4,2
1450,PGC0033577,-1,1
1451,PGC0033578,-5,0
1452,PGC0033604,-1,1
1453,PGC0033608,-2,1
1454,PGC0033622,5,2
1455,PGC0033625,8,2
1456,PGC0033633,8,2
1457,PGC0033635,8,2
1458,PGC0033642,5,2
1459,PGC0033643,2,2
1460,PGC0033645,4,2
1461,PGC0033662,-5,0
1462,PGC0033680,-5,0
1463,PGC0033686,3,2
1464,PGC0033689,4,2
1465,PGC0033704,2,2
1466,PGC0033712,8,2
1467,PGC0033716,6,2
1468,PGC0033719,3,2
1469,PGC0033729,4,2
1470,PGC0033749,3,2
1471,PGC0033760,1,2
1472,PGC0033783,6,2
1473,PGC0033792,3,2
1474,PGC0033803,3,2
1475,PGC0033806,-1,1
1476,PGC0033812,4,2
1477,PGC0033817,4,2
1478,PGC0033835,6,2
1479,PGC0033844,0,2
1480,PGC0033863,-3,1
1481,PGC0033866,6,2
1482,PGC0033869,3,2
1483,PGC0033875,9,2
1484,PGC0033876,4,2
1485,PGC0033896,-2,1
1486,PGC0033901,2,2
1487,PGC0033902,-4,0
1488,PGC0033905,10,3
1489,PGC0033910,-2,1
1490,PGC0033911,0,2
1491,PGC0033914,5,2
1492,PGC0033917,-3,1
1493,PGC0033929,0,2
1494,PGC0033930,2,2
1495,PGC0033934,0,2
1496,PGC0033942,-3,1
1497,PGC0033951,-3,1
1498,PGC0033959,10,3
1499,PGC0033964,5,2
1500,PGC0033976,8,2
1501,PGC0033977,-3,1
1502,PGC0033982,1,2
1503,PGC0033998,-3,1
1504,PGC0034004,-5,0
1505,PGC0034008,-3,1
1506,PGC0034009,-2,1
1507,PGC0034015,0,2
1508,PGC0034018,6,2
1509,PGC0034019,2,2
1510,PGC0034021,-5,0
1511,PGC0034024,4,2
1512,PGC0034026,-3,1
1513,PGC0034029,8,2
1514,PGC0034030,3,2
1515,PGC0034039,8,2
1516,PGC0034062,-5,0
1517,PGC0034075,-5,0
1518,PGC0034090,8,2
1519,PGC0034107,0,2
1520,PGC0034124,10,3
1521,PGC0034132,3,2
1522,PGC0034138,-3,1
1523,PGC0034140,3,2
1524,PGC0034156,8,2
1525,PGC0034159,-3,1
1526,PGC0034170,8,2
1527,PGC0034178,3,2
1528,PGC0034195,5,2
1529,PGC0034199,2,2
1530,PGC0034203,6,2
1531,PGC0034204,3,2
1532,PGC0034205,0,2
1533,PGC0034211,4,2
1534,PGC0034222,-3,1
1535,PGC0034232,3,2
1536,PGC0034249,9,2
1537,PGC0034257,-1,1
1538,PGC0034260,3,2
1539,PGC0034268,3,2
1540,PGC0034278,2,2
1541,PGC0034284,4,2
1542,PGC0034298,5,2
1543,PGC0034303,-5,0
1544,PGC0034308,9,2
1545,PGC0034320,-1,1
1546,PGC0034335,3,2
1547,PGC0034353,6,2
1548,PGC0034359,0,2
1549,PGC0034368,6,2
1550,PGC0034371,4,2
1551,PGC0034373,8,2
1552,PGC0034374,-1,1
1553,PGC0034379,3,2
1554,PGC0034387,1,2
1555,PGC0034399,7,2
1556,PGC0034476,10,3
1557,PGC0034478,0,2
1558,PGC0034481,2,2
1559,PGC0034485,5,2
1560,PGC0034486,1,2
1561,PGC0034489,-3,1
1562,PGC0034497,9,2
1563,PGC0034498,-3,1
1564,PGC0034502,9,2
1565,PGC0034527,1,2
1566,PGC0034530,10,3
1567,PGC0034561,5,2
1568,PGC0034562,9,2
1569,PGC0034566,-2,1
1570,PGC0034578,-2,1
1571,PGC0034583,-3,1
1572,PGC0034591,4,2
1573,PGC0034598,4,2
1574,PGC0034599,4,2
1575,PGC0034612,1,2
1576,PGC0034613,6,2
1577,PGC0034623,3,2
1578,PGC0034641,-1,1
1579,PGC0034652,-3,1
1580,PGC0034666,7,2
1581,PGC0034670,4,2
1582,PGC0034675,3,2
1583,PGC0034681,6,2
1584,PGC0034685,-5,0
1585,PGC0034695,3,2
1586,PGC0034696,9,2
1587,PGC0034697,3,2
1588,PGC0034698,-3,1
1589,PGC0034699,-3,1
1590,PGC0034702,0,2
1591,PGC0034704,10,3
1592,PGC0034711,3,2
1593,PGC0034712,-2,1
1594,PGC0034718,6,2
1595,PGC0034733,8,2
1596,PGC0034735,5,2
1597,PGC0034741,4,2
1598,PGC0034742,4,2
1599,PGC0034762,1,2
1600,PGC0034767,4,2
1601,PGC0034768,5,2
1602,PGC0034772,2,2
1603,PGC0034778,-2,1
1604,PGC0034780,-5,0
1605,PGC0034783,-5,0
1606,PGC0034788,-3,1
1607,PGC0034801,8,2
1608,PGC0034802,-1,1
1609,PGC0034806,2,2
1610,PGC0034807,-5,0
1611,PGC0034814,3,2
1612,PGC0034826,-2,1
1613,PGC0034827,8,2
1614,PGC0034829,6,2
1615,PGC0034837,4,2
1616,PGC0034842,2,2
1617,PGC0034858,6,2
1618,PGC0034859,0,2
1619,PGC0034861,4,2
1620,PGC0034864,8,2
1621,PGC0034870,7,2
1622,PGC0034887,8,2
1623,PGC0034889,5,2
1624,PGC0034906,4,2
1625,PGC0034908,-2,1
1626,PGC0034911,-1,1
1627,PGC0034917,6,2
1628,PGC0034929,8,2
1629,PGC0034933,0,2
1630,PGC0034934,11,4
1631,PGC0034936,-3,1
1632,PGC0034946,2,2
1633,PGC0034948,0,2
1634,PGC0034949,4,2
1635,PGC0034956,-3,1
1636,PGC0034967,8,2
1637,PGC0034969,11,4
1638,PGC0034971,8,2
1639,PGC0034975,6,2
1640,PGC0034982,3,2
1641,PGC0034989,0,2
1642,PGC0034996,4,2
1643,PGC0035001,0,2
1644,PGC0035002,-1,1
1645,PGC0035003,-2,1
1646,PGC0035005,5,2
1647,PGC0035013,1,2
1648,PGC0035014,6,2
1649,PGC0035015,4,2
1650,PGC0035016,2,2
1651,PGC0035030,6,2
1652,PGC0035037,6,2
1653,PGC0035039,10,3
1654,PGC0035041,8,2
1655,PGC0035042,9,2
1656,PGC0035043,3,2
1657,PGC0035061,5,2
1658,PGC0035064,-1,1
1659,PGC0035080,10,3
1660,PGC0035102,4,2
1661,PGC0035105,5,2
1662,PGC0035113,9,2
1663,PGC0035123,5,2
1664,PGC0035126,-5,0
1665,PGC0035129,-2,1
1666,PGC0035158,5,2
1667,PGC0035164,3,2
1668,PGC0035168,2,2
1669,PGC0035170,2,2
1670,PGC0035174,6,2
1671,PGC0035181,1,2
1672,PGC0035185,3,2
1673,PGC0035191,-2,1
1674,PGC0035196,5,2
1675,PGC0035202,9,2
1676,PGC0035203,-3,1
1677,PGC0035217,6,2
1678,PGC0035227,10,3
1679,PGC0035235,6,2
1680,PGC0035249,3,2
1681,PGC0035259,3,2
1682,PGC0035266,0,2
1683,PGC0035272,6,2
1684,PGC0035276,-1,1
1685,PGC0035281,0,2
1686,PGC0035295,5,2
1687,PGC0035302,3,2
1688,PGC0035306,3,2
1689,PGC0035307,3,2
1690,PGC0035314,2,2
1691,PGC0035320,6,2
1692,PGC0035321,3,2
1693,PGC0035326,3,2
1694,PGC0035327,-3,1
1695,PGC0035332,6,2
1696,PGC0035353,3,2
1697,PGC0035364,3,2
1698,PGC0035365,0,2
1699,PGC0035370,-3,1
1700,PGC0035376,5,2
1701,PGC0035377,8,2
1702,PGC0035390,3,2
1703,PGC0035396,7,2
1704,PGC0035400,-3,1
1705,PGC0035413,2,2
1706,PGC0035419,3,2
1707,PGC0035420,3,2
1708,PGC0035437,5,2
1709,PGC0035440,3,2
1710,PGC0035447,5,2
1711,PGC0035450,10,3
1712,PGC0035451,8,2
1713,PGC0035458,4,2
1714,PGC0035465,-3,1
1715,PGC0035476,4,2
1716,PGC0035486,9,2
1717,PGC0035499,3,2
1718,PGC0035506,6,2
1719,PGC0035517,6,2
1720,PGC0035533,-3,1
1721,PGC0035538,6,2
1722,PGC0035544,4,2
1723,PGC0035545,-1,1
1724,PGC0035560,9,2
1725,PGC0035563,6,2
1726,PGC0035569,6,2
1727,PGC0035578,-3,1
1728,PGC0035579,6,2
1729,PGC0035581,5,2
1730,PGC0035594,3,2
1731,PGC0035598,6,2
1732,PGC0035609,-3,1
1733,PGC0035615,4,2
1734,PGC0035616,2,2
1735,PGC0035618,1,2
1736,PGC0035625,0,2
1737,PGC0035626,6,2
1738,PGC0035627,2,2
1739,PGC0035629,6,2
1740,PGC0035630,9,2
1741,PGC0035634,8,2
1742,PGC0035639,3,2
1743,PGC0035642,6,2
1744,PGC0035671,6,2
1745,PGC0035675,9,2
1746,PGC0035676,5,2
1747,PGC0035679,4,2
1748,PGC0035682,6,2
1749,PGC0035684,10,3
1750,PGC0035687,4,2
1751,PGC0035690,1,2
1752,PGC0035692,3,2
1753,PGC0035705,9,2
1754,PGC0035711,3,2
1755,PGC0035720,-5,0
1756,PGC0035725,7,2
1757,PGC0035729,3,2
1758,PGC0035731,-5,0
1759,PGC0035732,1,2
1760,PGC0035747,2,2
1761,PGC0035772,0,2
1762,PGC0035779,3,2
1763,PGC0035781,-3,1
1764,PGC0035793,-5,0
1765,PGC0035797,7,2
1766,PGC0035802,8,2
1767,PGC0035803,7,2
1768,PGC0035813,10,3
1769,PGC0035819,6,2
1770,PGC0035826,9,2
1771,PGC0035829,8,2
1772,PGC0035839,4,2
1773,PGC0035840,-3,1
1774,PGC0035852,11,4
1775,PGC0035856,10,3
1776,PGC0035859,-1,1
1777,PGC0035877,4,2
1778,PGC0035878,10,3
1779,PGC0035886,2,2
1780,PGC0035896,0,2
1781,PGC0035900,9,2
1782,PGC0035901,5,2
1783,PGC0035909,0,2
1784,PGC0035910,5,2
1785,PGC0035913,6,2
1786,PGC0035914,-2,1
1787,PGC0035925,-5,0
1788,PGC0035926,3,2
1789,PGC0035931,5,2
1790,PGC0035932,4,2
1791,PGC0035944,7,2
1792,PGC0035945,-3,1
1793,PGC0035948,5,2
1794,PGC0035952,5,2
1795,PGC0035955,-3,1
1796,PGC0035963,6,2
1797,PGC0035964,4,2
1798,PGC0035966,5,2
1799,PGC0035979,-1,1
1800,PGC0035999,3,2
1801,PGC0036000,9,2
1802,PGC0036008,10,3
1803,PGC0036012,4,2
1804,PGC0036029,7,2
1805,PGC0036043,-1,1
1806,PGC0036061,4,2
1807,PGC0036063,3,2
1808,PGC0036073,9,2
1809,PGC0036079,8,2
1810,PGC0036093,2,2
1811,PGC0036102,1,2
1812,PGC0036118,3,2
1813,PGC0036136,7,2
1814,PGC0036137,7,2
1815,PGC0036138,5,2
1816,PGC0036141,3,2
1817,PGC0036145,4,2
1818,PGC0036149,7,2
1819,PGC0036155,4,2
1820,PGC0036158,3,2
1821,PGC0036160,3,2
1822,PGC0036174,9,2
1823,PGC0036176,7,2
1824,PGC0036177,-4,0
1825,PGC0036182,-2,1
1826,PGC0036187,4,2
1827,PGC0036188,9,2
1828,PGC0036190,-3,1
1829,PGC0036193,3,2
1830,PGC0036197,3,2
1831,PGC0036205,1,2
1832,PGC0036206,3,2
1833,PGC0036208,6,2
1834,PGC0036237,6,2
1835,PGC0036238,9,2
1836,PGC0036242,5,2
1837,PGC0036243,3,2
1838,PGC0036248,3,2
1839,PGC0036250,6,2
1840,PGC0036257,2,2
1841,PGC0036265,3,2
1842,PGC0036266,3,2
1843,PGC0036294,3,2
1844,PGC0036297,8,2
1845,PGC0036299,-1,1
1846,PGC0036307,-3,1
1847,PGC0036316,8,2
1848,PGC0036319,3,2
1849,PGC0036325,3,2
1850,PGC0036329,8,2
1851,PGC0036343,8,2
1852,PGC0036344,10,3
1853,PGC0036348,2,2
1854,PGC0036358,-3,1
1855,PGC0036368,7,2
1856,PGC0036370,1,2
1857,PGC0036381,6,2
1858,PGC0036419,10,3
1859,PGC0036432,8,2
1860,PGC0036439,4,2
1861,PGC0036441,5,2
1862,PGC0036444,-5,0
1863,PGC0036447,8,2
1864,PGC0036450,0,2
1865,PGC0036455,2,2
1866,PGC0036471,0,2
1867,PGC0036475,3,2
1868,PGC0036489,6,2
1869,PGC0036493,2,2
1870,PGC0036504,-5,0
1871,PGC0036505,-2,1
1872,PGC0036506,9,2
1873,PGC0036519,0,2
1874,PGC0036528,9,2
1875,PGC0036530,2,2
1876,PGC0036536,3,2
1877,PGC0036539,4,2
1878,PGC0036568,4,2
1879,PGC0036571,8,2
1880,PGC0036580,3,2
1881,PGC0036594,10,3
1882,PGC0036597,7,2
1883,PGC0036607,4,2
1884,PGC0036611,-3,1
1885,PGC0036613,-3,1
1886,PGC0036614,-3,1
1887,PGC0036618,0,2
1888,PGC0036634,-2,1
1889,PGC0036642,-1,1
1890,PGC0036644,6,2
1891,PGC0036658,3,2
1892,PGC0036659,3,2
1893,PGC0036660,8,2
1894,PGC0036669,-2,1
1895,PGC0036671,6,2
1896,PGC0036678,-3,1
1897,PGC0036686,0,2
1898,PGC0036699,3,2
1899,PGC0036703,8,2
1900,PGC0036707,7,2
1901,PGC0036713,10,3
1902,PGC0036726,5,2
1903,PGC0036750,11,4
1904,PGC0036784,9,2
1905,PGC0036786,4,2
1906,PGC0036789,3,2
1907,PGC0036795,3,2
1908,PGC0036800,4,2
1909,PGC0036811,4,2
1910,PGC0036817,-3,1
1911,PGC0036824,4,2
1912,PGC0036825,9,2
1913,PGC0036836,5,2
1914,PGC0036868,7,2
1915,PGC0036875,3,2
1916,PGC0036887,8,2
1917,PGC0036889,-3,1
1918,PGC0036893,3,2
1919,PGC0036897,9,2
1920,PGC0036899,9,2
1921,PGC0036902,5,2
1922,PGC0036903,9,2
1923,PGC0036907,1,2
1924,PGC0036921,0,2
1925,PGC0036928,2,2
1926,PGC0036930,7,2
1927,PGC0036941,-3,1
1928,PGC0036944,-1,1
1929,PGC0036950,-1,1
1930,PGC0036951,6,2
1931,PGC0036953,9,2
1932,PGC0036962,3,2
1933,PGC0036966,-5,0
1934,PGC0036969,-3,1
1935,PGC0036973,7,2
1936,PGC0036988,7,2
1937,PGC0036998,4,2
1938,PGC0037004,4,2
1939,PGC0037010,3,2
1940,PGC0037014,3,2
1941,PGC0037016,-2,1
1942,PGC0037022,0,2
1943,PGC0037023,8,2
1944,PGC0037024,8,2
1945,PGC0037029,8,2
1946,PGC0037036,6,2
1947,PGC0037037,9,2
1948,PGC0037047,3,2
1949,PGC0037050,10,3
1950,PGC0037063,0,2
1951,PGC0037072,-2,1
1952,PGC0037073,-3,1
1953,PGC0037088,4,2
1954,PGC0037091,4,2
1955,PGC0037093,-2,1
1956,PGC0037100,0,2
1957,PGC0037103,3,2
1958,PGC0037104,-4,0
1959,PGC0037105,-5,0
1960,PGC0037125,5,2
1961,PGC0037132,7,2
1962,PGC0037136,-1,1
1963,PGC0037147,4,2
1964,PGC0037160,-2,1
1965,PGC0037164,9,2
1966,PGC0037202,10,3
1967,PGC0037208,8,2
1968,PGC0037217,10,3
1969,PGC0037222,6,2
1970,PGC0037229,5,2
1971,PGC0037235,-1,1
1972,PGC0037236,8,2
1973,PGC0037258,0,2
1974,PGC0037259,7,2
1975,PGC0037276,6,2
1976,PGC0037290,3,2
1977,PGC0037298,3,2
1978,PGC0037306,3,2
1979,PGC0037308,6,2
1980,PGC0037321,4,2
1981,PGC0037336,9,2
1982,PGC0037339,-1,1
1983,PGC0037352,4,2
1984,PGC0037358,1,2
1985,PGC0037374,7,2
1986,PGC0037380,4,2
1987,PGC0037386,5,2
1988,PGC0037400,3,2
1989,PGC0037407,10,3
1990,PGC0037418,8,2
1991,PGC0037419,6,2
1992,PGC0037429,5,2
1993,PGC0037430,-3,1
1994,PGC0037434,0,2
1995,PGC0037438,7,2
1996,PGC0037444,6,2
1997,PGC0037449,10,3
1998,PGC0037466,5,2
1999,PGC0037480,4,2
2000,PGC0037483,2,2
2001,PGC0037488,-2,1
2002,PGC0037497,4,2
2003,PGC0037501,5,2
2004,PGC0037502,3,2
2005,PGC0037506,-3,1
2006,PGC0037515,8,2
2007,PGC0037520,3,2
2008,PGC0037521,4,2
2009,PGC0037525,7,2
2010,PGC0037532,5,2
2011,PGC0037542,6,2
2012,PGC0037544,1,2
2013,PGC0037548,6,2
2014,PGC0037553,9,2
2015,PGC0037554,8,2
2016,PGC0037556,8,2
2017,PGC0037559,-2,1
2018,PGC0037584,7,2
2019,PGC0037589,7,2
2020,PGC0037598,9,2
2021,PGC0037613,9,2
2022,PGC0037614,4,2
2023,PGC0037616,3,2
2024,PGC0037617,5,2
2025,PGC0037618,-2,1
2026,PGC0037624,6,2
2027,PGC0037642,-5,0
2028,PGC0037651,2,2
2029,PGC0037655,-5,0
2030,PGC0037665,-3,1
2031,PGC0037673,-3,1
2032,PGC0037678,4,2
2033,PGC0037682,8,2
2034,PGC0037686,4,2
2035,PGC0037689,8,2
2036,PGC0037691,3,2
2037,PGC0037692,7,2
2038,PGC0037693,0,2
2039,PGC0037695,2,2
2040,PGC0037697,6,2
2041,PGC0037700,9,2
2042,PGC0037708,4,2
2043,PGC0037710,8,2
2044,PGC0037719,2,2
2045,PGC0037721,2,2
2046,PGC0037722,10,3
2047,PGC0037735,7,2
2048,PGC0037737,8,2
2049,PGC0037738,7,2
2050,PGC0037745,0,2
2051,PGC0037757,-5,0
2052,PGC0037760,-2,1
2053,PGC0037764,8,2
2054,PGC0037778,-3,1
2055,PGC0037784,3,2
2056,PGC0037791,5,2
2057,PGC0037809,8,2
2058,PGC0037810,7,2
2059,PGC0037816,1,2
2060,PGC0037832,9,2
2061,PGC0037839,4,2
2062,PGC0037844,-3,1
2063,PGC0037845,3,2
2064,PGC0037861,8,2
2065,PGC0037883,7,2
2066,PGC0037889,10,3
2067,PGC0037893,10,3
2068,PGC0037905,-2,1
2069,PGC0037912,9,2
2070,PGC0037914,9,2
2071,PGC0037916,-6,0
2072,PGC0037927,10,3
2073,PGC0037928,7,2
2074,PGC0037930,-1,1
2075,PGC0037933,4,2
2076,PGC0037940,9,2
2077,PGC0037943,-2,1
2078,PGC0037949,4,2
2079,PGC0037951,9,2
2080,PGC0037971,5,2
2081,PGC0037999,3,2
2082,PGC0038010,0,2
2083,PGC0038012,2,2
2084,PGC0038014,9,2
2085,PGC0038018,-5,0
2086,PGC0038024,5,2
2087,PGC0038031,3,2
2088,PGC0038033,-2,1
2089,PGC0038036,5,2
2090,PGC0038552,4,2
2091,PGC0038565,-3,1
2092,PGC0038567,8,2
2093,PGC0038572,10,3
2094,PGC0038582,2,2
2095,PGC0038585,2,2
2096,PGC0038601,3,2
2097,PGC0038603,-5,0
2098,PGC0038613,1,2
2099,PGC0038619,5,2
2100,PGC0038624,11,4
2101,PGC0038643,0,2
2102,PGC0038645,9,2
2103,PGC0038654,-2,1
2104,PGC0038665,4,2
2105,PGC0038669,7,2
2106,PGC0038674,10,3
2107,PGC0038677,4,2
2108,PGC0038680,8,2
2109,PGC0038682,3,2
2110,PGC0038684,11,4
2111,PGC0038687,3,2
2112,PGC0038688,8,2
2113,PGC0038690,4,2
2114,PGC0038692,10,3
2115,PGC0038693,6,2
2116,PGC0038704,0,2
2117,PGC0038706,6,2
2118,PGC0038718,-2,1
2119,PGC0038720,2,2
2120,PGC0038739,2,2
2121,PGC0038740,-3,1
2122,PGC0038746,4,2
2123,PGC0038749,3,2
2124,PGC0038773,3,2
2125,PGC0038778,9,2
2126,PGC0038781,10,3
2127,PGC0038793,10,3
2128,PGC0038794,-4,0
2129,PGC0038795,3,2
2130,PGC0038803,9,2
2131,PGC0038811,9,2
2132,PGC0038815,9,2
2133,PGC0038820,-1,1
2134,PGC0038822,10,3
2135,PGC0038848,4,2
2136,PGC0038852,4,2
2137,PGC0038858,6,2
2138,PGC0038881,10,3
2139,PGC0038885,4,2
2140,PGC0038888,8,2
2141,PGC0038890,-5,0
2142,PGC0038905,10,3
2143,PGC0038916,5,2
2144,PGC0038921,-6,0
2145,PGC0038933,7,2
2146,PGC0038935,6,2
2147,PGC0038943,7,2
2148,PGC0038945,9,2
2149,PGC0038946,3,2
2150,PGC0038950,-2,1
2151,PGC0038951,10,3
2152,PGC0038964,3,2
2153,PGC0038988,7,2
2154,PGC0039002,8,2
2155,PGC0039004,-1,1
2156,PGC0039014,5,2
2157,PGC0039017,7,2
2158,PGC0039023,10,3
2159,PGC0039025,5,2
2160,PGC0039028,3,2
2161,PGC0039034,-5,0
2162,PGC0039040,4,2
2163,PGC0039053,-3,1
2164,PGC0039058,10,3
2165,PGC0039067,9,2
2166,PGC0039068,0,2
2167,PGC0039073,8,2
2168,PGC0039082,7,2
2169,PGC0039090,1,2
2170,PGC0039092,-5,0
2171,PGC0039099,1,2
2172,PGC0039113,10,3
2173,PGC0039114,7,2
2174,PGC0039122,4,2
2175,PGC0039124,-3,1
2176,PGC0039138,2,2
2177,PGC0039142,9,2
2178,PGC0039145,10,3
2179,PGC0039150,9,2
2180,PGC0039152,5,2
2181,PGC0039158,-2,1
2182,PGC0039160,-2,1
2183,PGC0039170,8,2
2184,PGC0039183,5,2
2185,PGC0039184,5,2
2186,PGC0039188,3,2
2187,PGC0039191,10,3
2188,PGC0039203,7,2
2189,PGC0039211,9,2
2190,PGC0039215,11,4
2191,PGC0039224,3,2
2192,PGC0039225,9,2
2193,PGC0039233,7,2
2194,PGC0039237,9,2
2195,PGC0039241,3,2
2196,PGC0039245,4,2
2197,PGC0039246,2,2
2198,PGC0039251,-2,1
2199,PGC0039256,11,4
2200,PGC0039265,10,3
2201,PGC0039266,0,2
2202,PGC0039275,3,2
2203,PGC0039280,6,2
2204,PGC0039285,1,2
2205,PGC0039308,6,2
2206,PGC0039312,3,2
2207,PGC0039316,10,3
2208,PGC0039321,7,2
2209,PGC0039328,1,2
2210,PGC0039329,-2,1
2211,PGC0039335,-3,1
2212,PGC0039344,7,2
2213,PGC0039348,4,2
2214,PGC0039353,4,2
2215,PGC0039354,4,2
2216,PGC0039366,7,2
2217,PGC0039380,10,3
2218,PGC0039384,-2,1
2219,PGC0039388,9,2
2220,PGC0039389,0,2
2221,PGC0039390,6,2
2222,PGC0039393,3,2
2223,PGC0039397,11,4
2224,PGC0039412,-1,1
2225,PGC0039418,2,2
2226,PGC0039422,7,2
2227,PGC0039423,9,2
2228,PGC0039431,10,3
2229,PGC0039461,9,2
2230,PGC0039466,4,2
2231,PGC0039474,8,2
2232,PGC0039479,5,2
2233,PGC0039480,0,2
2234,PGC0039483,6,2
2235,PGC0039493,2,2
2236,PGC0039495,4,2
2237,PGC0039497,4,2
2238,PGC0039503,11,4
2239,PGC0039537,7,2
2240,PGC0039568,1,2
2241,PGC0039578,3,2
2242,PGC0039580,6,2
2243,PGC0039587,-3,1
2244,PGC0039592,-3,1
2245,PGC0039600,3,2
2246,PGC0039601,4,2
2247,PGC0039613,9,2
2248,PGC0039615,10,3
2249,PGC0039624,1,2
2250,PGC0039628,10,3
2251,PGC0039635,5,2
2252,PGC0039656,1,2
2253,PGC0039657,-2,1
2254,PGC0039659,-5,0
2255,PGC0039676,-1,1
2256,PGC0039680,-1,1
2257,PGC0039683,-5,0
2258,PGC0039687,-1,1
2259,PGC0039695,-6,0
2260,PGC0039697,7,2
2261,PGC0039699,0,2
2262,PGC0039704,7,2
2263,PGC0039705,4,2
2264,PGC0039708,11,4
2265,PGC0039710,-3,1
2266,PGC0039712,-1,1
2267,PGC0039714,3,2
2268,PGC0039718,-2,1
2269,PGC0039719,-3,1
2270,PGC0039738,3,2
2271,PGC0039753,3,2
2272,PGC0039759,-2,1
2273,PGC0039775,4,2
2274,PGC0039785,10,3
2275,PGC0039794,6,2
2276,PGC0039799,10,3
2277,PGC0039819,7,2
2278,PGC0039832,8,2
2279,PGC0039840,9,2
2280,PGC0039859,3,2
2281,PGC0039864,10,3
2282,PGC0039886,4,2
2283,PGC0039892,5,2
2284,PGC0039897,-3,1
2285,PGC0039902,8,2
2286,PGC0039918,10,3
2287,PGC0039919,3,2
2288,PGC0039925,7,2
2289,PGC0039943,-1,1
2290,PGC0039950,3,2
2291,PGC0039953,-3,1
2292,PGC0039964,3,2
2293,PGC0039965,11,4
2294,PGC0039968,9,2
2295,PGC0039974,5,2
2296,PGC0039999,10,3
2297,PGC0040002,11,4
2298,PGC0040004,9,2
2299,PGC0040005,10,3
2300,PGC0040014,10,3
2301,PGC0040015,3,2
2302,PGC0040026,9,2
2303,PGC0040030,5,2
2304,PGC0040031,-3,1
2305,PGC0040032,11,4
2306,PGC0040033,5,2
2307,PGC0040034,8,2
2308,PGC0040051,0,2
2309,PGC0040068,11,4
2310,PGC0040078,1,2
2311,PGC0040095,5,2
2312,PGC0040105,4,2
2313,PGC0040111,8,2
2314,PGC0040119,5,2
2315,PGC0040122,-6,0
2316,PGC0040128,10,3
2317,PGC0040133,3,2
2318,PGC0040145,4,2
2319,PGC0040147,8,2
2320,PGC0040153,3,2
2321,PGC0040169,-5,0
2322,PGC0040171,11,4
2323,PGC0040201,6,2
2324,PGC0040209,11,4
2325,PGC0040218,2,2
2326,PGC0040228,-2,1
2327,PGC0040250,6,2
2328,PGC0040251,3,2
2329,PGC0040252,-1,1
2330,PGC0040256,6,2
2331,PGC0040260,5,2
2332,PGC0040264,9,2
2333,PGC0040273,9,2
2334,PGC0040278,8,2
2335,PGC0040280,-1,1
2336,PGC0040284,4,2
2337,PGC0040296,5,2
2338,PGC0040303,9,2
2339,PGC0040306,9,2
2340,PGC0040309,-5,0
2341,PGC0040313,-3,1
2342,PGC0040317,7,2
2343,PGC0040329,10,3
2344,PGC0040330,9,2
2345,PGC0040337,6,2
2346,PGC0040342,5,2
2347,PGC0040346,0,2
2348,PGC0040347,8,2
2349,PGC0040363,-5,0
2350,PGC0040374,3,2
2351,PGC0040375,-5,0
2352,PGC0040396,-1,1
2353,PGC0040406,3,2
2354,PGC0040439,-1,1
2355,PGC0040442,-1,1
2356,PGC0040455,-5,0
2357,PGC0040475,3,2
2358,PGC0040477,-2,1
2359,PGC0040484,-2,1
2360,PGC0040485,11,4
2361,PGC0040500,-2,1
2362,PGC0040507,4,2
2363,PGC0040530,8,2
2364,PGC0040536,-3,1
2365,PGC0040537,3,2
2366,PGC0040561,2,2
2367,PGC0040562,-3,1
2368,PGC0040563,10,3
2369,PGC0040564,3,2
2370,PGC0040566,6,2
2371,PGC0040581,5,2
2372,PGC0040596,7,2
2373,PGC0040597,7,2
2374,PGC0040605,5,2
2375,PGC0040607,5,2
2376,PGC0040621,5,2
2377,PGC0040622,7,2
2378,PGC0040629,3,2
2379,PGC0040632,6,2
2380,PGC0040643,3,2
2381,PGC0040644,2,2
2382,PGC0040645,8,2
2383,PGC0040652,-4,0
2384,PGC0040653,-5,0
2385,PGC0040658,9,2
2386,PGC0040660,6,2
2387,PGC0040673,-2,1
2388,PGC0040694,0,2
2389,PGC0040695,7,2
2390,PGC0040697,-1,1
2391,PGC0040705,5,2
2392,PGC0040727,11,4
2393,PGC0040743,7,2
2394,PGC0040745,7,2
2395,PGC0040754,10,3
2396,PGC0040756,-2,1
2397,PGC0040761,10,3
2398,PGC0040762,0,2
2399,PGC0040772,0,2
2400,PGC0040775,3,2
2401,PGC0040785,-1,1
2402,PGC0040789,7,2
2403,PGC0040790,10,3
2404,PGC0040791,10,3
2405,PGC0040797,-2,1
2406,PGC0040807,7,2
2407,PGC0040809,0,2
2408,PGC0040811,9,2
2409,PGC0040816,-2,1
2410,PGC0040820,5,2
2411,PGC0040836,0,2
2412,PGC0040839,7,2
2413,PGC0040850,-1,1
2414,PGC0040851,6,2
2415,PGC0040852,11,4
2416,PGC0040857,2,2
2417,PGC0040861,10,3
2418,PGC0040886,-5,0
2419,PGC0040898,-3,1
2420,PGC0040903,11,4
2421,PGC0040904,10,3
2422,PGC0040914,2,2
2423,PGC0040918,4,2
2424,PGC0040927,1,2
2425,PGC0040950,-2,1
2426,PGC0040954,6,2
2427,PGC0040956,5,2
2428,PGC0040962,6,2
2429,PGC0040964,11,4
2430,PGC0040973,10,3
2431,PGC0040985,11,4
2432,PGC0040987,3,2
2433,PGC0041017,8,2
2434,PGC0041020,10,3
2435,PGC0041031,4,2
2436,PGC0041036,10,3
2437,PGC0041048,10,3
2438,PGC0041050,4,2
2439,PGC0041051,7,2
2440,PGC0041054,11,4
2441,PGC0041060,-3,1
2442,PGC0041061,3,2
2443,PGC0041063,9,2
2444,PGC0041069,-1,1
2445,PGC0041083,1,2
2446,PGC0041095,-5,0
2447,PGC0041101,0,2
2448,PGC0041104,-5,0
2449,PGC0041109,8,2
2450,PGC0041111,-1,1
2451,PGC0041119,5,2
2452,PGC0041125,6,2
2453,PGC0041153,6,2
2454,PGC0041155,11,4
2455,PGC0041164,0,2
2456,PGC0041166,9,2
2457,PGC0041169,-3,1
2458,PGC0041170,7,2
2459,PGC0041171,-5,0
2460,PGC0041177,10,3
2461,PGC0041189,9,2
2462,PGC0041202,4,2
2463,PGC0041207,10,3
2464,PGC0041217,-5,0
2465,PGC0041220,-5,0
2466,PGC0041228,-3,1
2467,PGC0041239,10,3
2468,PGC0041241,-3,1
2469,PGC0041244,1,2
2470,PGC0041255,-1,1
2471,PGC0041258,10,3
2472,PGC0041260,-1,1
2473,PGC0041269,8,2
2474,PGC0041272,11,4
2475,PGC0041283,10,3
2476,PGC0041297,-5,0
2477,PGC0041302,-2,1
2478,PGC0041307,6,2
2479,PGC0041317,5,2
2480,PGC0041326,10,3
2481,PGC0041327,-6,0
2482,PGC0041333,10,3
2483,PGC0041339,-2,1
2484,PGC0041361,-5,0
2485,PGC0041363,0,2
2486,PGC0041376,11,4
2487,PGC0041383,0,2
2488,PGC0041395,10,3
2489,PGC0041400,2,2
2490,PGC0041404,-3,1
2491,PGC0041407,2,2
2492,PGC0041409,-3,1
2493,PGC0041410,8,2
2494,PGC0041435,11,4
2495,PGC0041436,3,2
2496,PGC0041457,11,4
2497,PGC0041466,9,2
2498,PGC0041471,6,2
2499,PGC0041473,4,2
2500,PGC0041489,-3,1
2501,PGC0041494,11,4
2502,PGC0041504,9,2
2503,PGC0041505,11,4
2504,PGC0041514,5,2
2505,PGC0041517,3,2
2506,PGC0041527,-3,1
2507,PGC0041538,-2,1
2508,PGC0041546,11,4
2509,PGC0041552,11,4
2510,PGC0041572,9,2
2511,PGC0041576,9,2
2512,PGC0041578,7,2
2513,PGC0041579,6,2
2514,PGC0041586,11,4
2515,PGC0041587,-2,1
2516,PGC0041599,7,2
2517,PGC0041601,8,2
2518,PGC0041606,11,4
2519,PGC0041608,9,2
2520,PGC0041614,11,4
2521,PGC0041618,6,2
2522,PGC0041620,7,2
2523,PGC0041621,-2,1
2524,PGC0041634,-5,0
2525,PGC0041636,10,3
2526,PGC0041646,-6,0
2527,PGC0041660,10,3
2528,PGC0041661,-1,1
2529,PGC0041667,10,3
2530,PGC0041670,9,2
2531,PGC0041700,10,3
2532,PGC0041719,6,2
2533,PGC0041729,7,2
2534,PGC0041737,10,3
2535,PGC0041738,-2,1
2536,PGC0041739,-2,1
2537,PGC0041746,9,2
2538,PGC0041758,10,3
2539,PGC0041763,9,2
2540,PGC0041766,10,3
2541,PGC0041769,8,2
2542,PGC0041772,-2,1
2543,PGC0041779,7,2
2544,PGC0041781,-3,1
2545,PGC0041788,2,2
2546,PGC0041789,3,2
2547,PGC0041806,8,2
2548,PGC0041811,8,2
2549,PGC0041812,5,2
2550,PGC0041816,8,2
2551,PGC0041823,3,2
2552,PGC0041827,6,2
2553,PGC0041828,11,4
2554,PGC0041829,9,2
2555,PGC0041838,5,2
2556,PGC0041846,10,3
2557,PGC0041847,9,2
2558,PGC0041861,10,3
2559,PGC0041865,10,3
2560,PGC0041876,9,2
2561,PGC0041882,3,2
2562,PGC0041902,10,3
2563,PGC0041911,3,2
2564,PGC0041934,2,2
2565,PGC0041941,3,2
2566,PGC0041943,-1,1
2567,PGC0041958,5,2
2568,PGC0041963,-5,0
2569,PGC0041968,-5,0
2570,PGC0041982,6,2
2571,PGC0041998,6,2
2572,PGC0041999,-3,1
2573,PGC0042045,7,2
2574,PGC0042051,-3,1
2575,PGC0042064,3,2
2576,PGC0042069,3,2
2577,PGC0042074,9,2
2578,PGC0042079,10,3
2579,PGC0042080,10,3
2580,PGC0042081,10,3
2581,PGC0042089,2,2
2582,PGC0042096,-2,1
2583,PGC0042100,6,2
2584,PGC0042108,10,3
2585,PGC0042109,-3,1
2586,PGC0042149,-3,1
2587,PGC0042152,4,2
2588,PGC0042153,-3,1
2589,PGC0042168,2,2
2590,PGC0042169,10,3
2591,PGC0042173,9,2
2592,PGC0042174,2,2
2593,PGC0042195,9,2
2594,PGC0042199,-3,1
2595,PGC0042202,3,2
2596,PGC0042223,11,4
2597,PGC0042230,8,2
2598,PGC0042241,0,2
2599,PGC0042253,11,4
2600,PGC0042255,7,2
2601,PGC0042264,4,2
2602,PGC0042268,2,2
2603,PGC0042275,10,3
2604,PGC0042277,6,2
2605,PGC0042305,-6,0
2606,PGC0042317,6,2
2607,PGC0042336,8,2
2608,PGC0042342,-2,1
2609,PGC0042348,10,3
2610,PGC0042362,5,2
2611,PGC0042370,1,2
2612,PGC0042380,10,3
2613,PGC0042393,9,2
2614,PGC0042396,9,2
2615,PGC0042401,0,2
2616,PGC0042408,9,2
2617,PGC0042427,11,4
2618,PGC0042430,11,4
2619,PGC0042447,11,4
2620,PGC0042453,1,2
2621,PGC0042469,8,2
2622,PGC0042471,0,2
2623,PGC0042503,11,4
2624,PGC0042516,0,2
2625,PGC0042520,5,2
2626,PGC0042530,5,2
2627,PGC0042542,9,2
2628,PGC0042544,5,2
2629,PGC0042545,0,2
2630,PGC0042559,8,2
2631,PGC0042574,-2,1
2632,PGC0042575,9,2
2633,PGC0042594,5,2
2634,PGC0042598,11,4
2635,PGC0042607,6,2
2636,PGC0042608,11,4
2637,PGC0042614,7,2
2638,PGC0042618,2,2
2639,PGC0042619,0,2
2640,PGC0042620,11,4
2641,PGC0042628,-5,0
2642,PGC0042637,6,2
2643,PGC0042638,11,4
2644,PGC0042647,-2,1
2645,PGC0042656,10,3
2646,PGC0042688,9,2
2647,PGC0042689,3,2
2648,PGC0042692,9,2
2649,PGC0042699,9,2
2650,PGC0042707,5,2
2651,PGC0042708,3,2
2652,PGC0042709,6,2
2653,PGC0042727,5,2
2654,PGC0042728,-1,1
2655,PGC0042734,-5,0
2656,PGC0042741,3,2
2657,PGC0042744,11,4
2658,PGC0042747,5,2
2659,PGC0042769,11,4
2660,PGC0042782,4,2
2661,PGC0042791,6,2
2662,PGC0042797,-1,1
2663,PGC0042816,3,2
2664,PGC0042831,-5,0
2665,PGC0042832,10,3
2666,PGC0042836,5,2
2667,PGC0042847,5,2
2668,PGC0042857,3,2
2669,PGC0042858,7,2
2670,PGC0042863,9,2
2671,PGC0042881,10,3
2672,PGC0042887,10,3
2673,PGC0042901,10,3
2674,PGC0042904,5,2
2675,PGC0042909,4,2
2676,PGC0042910,8,2
2677,PGC0042913,-1,1
2678,PGC0042917,-3,1
2679,PGC0042919,6,2
2680,PGC0042921,10,3
2681,PGC0042938,6,2
2682,PGC0042949,11,4
2683,PGC0042963,-5,0
2684,PGC0042969,11,4
2685,PGC0042970,0,2
2686,PGC0042975,3,2
2687,PGC0042998,3,2
2688,PGC0042999,9,2
2689,PGC0043036,-3,1
2690,PGC0043052,7,2
2691,PGC0043064,6,2
2692,PGC0043074,1,2
2693,PGC0043100,11,4
2694,PGC0043101,1,2
2695,PGC0043106,8,2
2696,PGC0043124,10,3
2697,PGC0043128,8,2
2698,PGC0043129,10,3
2699,PGC0043136,3,2
2700,PGC0043146,-3,1
2701,PGC0043149,-2,1
2702,PGC0043153,0,2
2703,PGC0043157,-5,0
2704,PGC0043185,4,2
2705,PGC0043186,6,2
2706,PGC0043189,7,2
2707,PGC0043197,8,2
2708,PGC0043198,6,2
2709,PGC0043202,-5,0
2710,PGC0043238,1,2
2711,PGC0043241,0,2
2712,PGC0043254,1,2
2713,PGC0043255,10,3
2714,PGC0043286,4,2
2715,PGC0043288,3,2
2716,PGC0043303,8,2
2717,PGC0043331,5,2
2718,PGC0043338,8,2
2719,PGC0043375,0,2
2720,PGC0043386,11,4
2721,PGC0043400,10,3
2722,PGC0043413,6,2
2723,PGC0043428,2,2
2724,PGC0043430,-3,1
2725,PGC0043452,6,2
2726,PGC0043470,8,2
2727,PGC0043495,1,2
2728,PGC0043504,3,2
2729,PGC0043516,-1,1
2730,PGC0043525,3,2
2731,PGC0043575,7,2
2732,PGC0043601,3,2
2733,PGC0043656,-2,1
2734,PGC0043671,-1,1
2735,PGC0043707,7,2
2736,PGC0043728,2,2
2737,PGC0043733,-2,1
2738,PGC0043750,8,2
2739,PGC0043775,9,2
2740,PGC0043784,5,2
2741,PGC0043798,0,2
2742,PGC0043837,3,2
2743,PGC0043894,6,2
2744,PGC0043931,3,2
2745,PGC0043939,3,2
2746,PGC0043969,10,3
2747,PGC0043971,10,3
2748,PGC0043996,9,2
2749,PGC0043998,-1,1
2750,PGC0044014,7,2
2751,PGC0044025,4,2
2752,PGC0044032,5,2
2753,PGC0044033,8,2
2754,PGC0044066,10,3
2755,PGC0044086,3,2
2756,PGC0044089,9,2
2757,PGC0044102,10,3
2758,PGC0044117,3,2
2759,PGC0044125,8,2
2760,PGC0044170,10,3
2761,PGC0044213,3,2
2762,PGC0044240,8,2
2763,PGC0044254,4,2
2764,PGC0044323,-3,1
2765,PGC0044329,-3,1
2766,PGC0044354,9,2
2767,PGC0044370,7,2
2768,PGC0044388,0,2
2769,PGC0044392,1,2
2770,PGC0044414,11,4
2771,PGC0044432,7,2
2772,PGC0044450,7,2
2773,PGC0044468,8,2
2774,PGC0044491,10,3
2775,PGC0044495,4,2
2776,PGC0044536,10,3
2777,PGC0044557,3,2
2778,PGC0044600,0,2
2779,PGC0044631,7,2
2780,PGC0044641,4,2
2781,PGC0044719,0,2
2782,PGC0044731,4,2
2783,PGC0044733,9,2
2784,PGC0044782,11,4
2785,PGC0044797,4,2
2786,PGC0044806,0,2
2787,PGC0044807,-5,0
2788,PGC0044838,4,2
2789,PGC0044846,5,2
2790,PGC0044858,9,2
2791,PGC0044867,-5,0
2792,PGC0044896,0,2
2793,PGC0044908,-1,1
2794,PGC0044913,4,2
2795,PGC0044920,6,2
2796,PGC0044921,4,2
2797,PGC0044932,4,2
2798,PGC0044961,7,2
2799,PGC0044963,4,2
2800,PGC0044986,2,2
2801,PGC0045015,5,2
2802,PGC0045039,6,2
2803,PGC0045071,8,2
2804,PGC0045085,6,2
2805,PGC0045093,2,2
2806,PGC0045137,7,2
2807,PGC0045145,5,2
2808,PGC0045168,4,2
2809,PGC0045195,9,2
2810,PGC0045196,-5,0
2811,PGC0045233,-3,1
2812,PGC0045236,-5,0
2813,PGC0045261,4,2
2814,PGC0045264,4,2
2815,PGC0045274,10,3
2816,PGC0045306,10,3
2817,PGC0045309,4,2
2818,PGC0045314,10,3
2819,PGC0045322,5,2
2820,PGC0045336,4,2
2821,PGC0045339,1,2
2822,PGC0045361,6,2
2823,PGC0045362,4,2
2824,PGC0045366,8,2
2825,PGC0045372,10,3
2826,PGC0045410,8,2
2827,PGC0045435,3,2
2828,PGC0045451,7,2
2829,PGC0045457,6,2
2830,PGC0045472,-5,0
2831,PGC0045478,2,2
2832,PGC0045480,6,2
2833,PGC0045491,6,2
2834,PGC0045502,-5,0
2835,PGC0045506,10,3
2836,PGC0045521,0,2
2837,PGC0045522,-1,1
2838,PGC0045528,0,2
2839,PGC0045534,5,2
2840,PGC0045538,2,2
2841,PGC0045560,1,2
2842,PGC0045567,6,2
2843,PGC0045572,-1,1
2844,PGC0045580,2,2
2845,PGC0045583,3,2
2846,PGC0045593,0,2
2847,PGC0045605,-1,1
2848,PGC0045610,6,2
2849,PGC0045614,8,2
2850,PGC0045629,0,2
2851,PGC0045632,4,2
2852,PGC0045644,4,2
2853,PGC0045655,-2,1
2854,PGC0045658,4,2
2855,PGC0045668,8,2
2856,PGC0045684,7,2
2857,PGC0045700,7,2
2858,PGC0045719,-2,1
2859,PGC0045728,9,2
2860,PGC0045737,6,2
2861,PGC0045739,4,2
2862,PGC0045741,8,2
2863,PGC0045749,3,2
2864,PGC0045750,7,2
2865,PGC0045755,10,3
2866,PGC0045756,-5,0
2867,PGC0045757,3,2
2868,PGC0045773,4,2
2869,PGC0045778,-3,1
2870,PGC0045779,7,2
2871,PGC0045781,4,2
2872,PGC0045782,0,2
2873,PGC0045787,-1,1
2874,PGC0045798,8,2
2875,PGC0045807,8,2
2876,PGC0045814,7,2
2877,PGC0045828,3,2
2878,PGC0045833,2,2
2879,PGC0045834,3,2
2880,PGC0045840,10,3
2881,PGC0045844,7,2
2882,PGC0045848,8,2
2883,PGC0045849,7,2
2884,PGC0045875,8,2
2885,PGC0045880,-5,0
2886,PGC0045883,3,2
2887,PGC0045887,4,2
2888,PGC0045897,11,4
2889,PGC0045905,8,2
2890,PGC0045915,4,2
2891,PGC0045920,0,2
2892,PGC0045921,4,2
2893,PGC0045927,10,3
2894,PGC0045934,8,2
2895,PGC0045936,4,2
2896,PGC0045938,9,2
2897,PGC0045939,10,3
2898,PGC0045948,3,2
2899,PGC0045992,10,3
2900,PGC0046009,8,2
2901,PGC0046039,10,3
2902,PGC0046041,7,2
2903,PGC0046046,4,2
2904,PGC0046065,10,3
2905,PGC0046077,1,2
2906,PGC0046089,6,2
2907,PGC0046092,0,2
2908,PGC0046093,10,3
2909,PGC0046127,10,3
2910,PGC0046131,-1,1
2911,PGC0046138,-2,1
2912,PGC0046152,4,2
2913,PGC0046153,3,2
2914,PGC0046171,4,2
2915,PGC0046180,4,2
2916,PGC0046202,-2,1
2917,PGC0046206,-3,1
2918,PGC0046218,6,2
2919,PGC0046250,2,2
2920,PGC0046262,6,2
2921,PGC0046263,-3,1
2922,PGC0046278,3,2
2923,PGC0046293,7,2
2924,PGC0046319,3,2
2925,PGC0046321,2,2
2926,PGC0046336,6,2
2927,PGC0046342,3,2
2928,PGC0046354,7,2
2929,PGC0046355,2,2
2930,PGC0046372,6,2
2931,PGC0046386,7,2
2932,PGC0046413,4,2
2933,PGC0046427,2,2
2934,PGC0046472,0,2
2935,PGC0046507,1,2
2936,PGC0046530,8,2
2937,PGC0046534,4,2
2938,PGC0046548,4,2
2939,PGC0046556,10,3
2940,PGC0046560,6,2
2941,PGC0046561,3,2
2942,PGC0046601,9,2
2943,PGC0046617,7,2
2944,PGC0046633,3,2
2945,PGC0046636,9,2
2946,PGC0046644,3,2
2947,PGC0046647,7,2
2948,PGC0046657,3,2
2949,PGC0046666,10,3
2950,PGC0046671,6,2
2951,PGC0046717,3,2
2952,PGC0046739,9,2
2953,PGC0046746,6,2
2954,PGC0046754,5,2
2955,PGC0046767,3,2
2956,PGC0046782,4,2
2957,PGC0046804,6,2
2958,PGC0046809,-4,0
2959,PGC0046816,4,2
2960,PGC0046819,-2,1
2961,PGC0046836,-5,0
2962,PGC0046844,5,2
2963,PGC0046851,6,2
2964,PGC0046855,0,2
2965,PGC0046868,0,2
2966,PGC0046882,8,2
2967,PGC0046906,-5,0
2968,PGC0046919,-3,1
2969,PGC0046952,9,2
2970,PGC0047011,3,2
2971,PGC0047020,10,3
2972,PGC0047027,9,2
2973,PGC0047041,6,2
2974,PGC0047053,9,2
2975,PGC0047058,7,2
2976,PGC0047060,6,2
2977,PGC0047093,4,2
2978,PGC0047096,-1,1
2979,PGC0047122,-2,1
2980,PGC0047124,4,2
2981,PGC0047131,1,2
2982,PGC0047162,5,2
2983,PGC0047178,2,2
2984,PGC0047189,2,2
2985,PGC0047231,6,2
2986,PGC0047234,1,2
2987,PGC0047235,6,2
2988,PGC0047238,7,2
2989,PGC0047254,8,2
2990,PGC0047257,-5,0
2991,PGC0047270,7,2
2992,PGC0047318,-1,1
2993,PGC0047339,-5,0
2994,PGC0047346,4,2
2995,PGC0047349,9,2
2996,PGC0047354,9,2
2997,PGC0047358,1,2
2998,PGC0047368,9,2
2999,PGC0047369,1,2
3000,PGC0047371,7,2
3001,PGC0047404,3,2
3002,PGC0047415,8,2
3003,PGC0047422,2,2
3004,PGC0047432,3,2
3005,PGC0047438,4,2
3006,PGC0047441,-5,0
3007,PGC0047455,10,3
3008,PGC0047462,5,2
3009,PGC0047469,6,2
3010,PGC0047490,9,2
3011,PGC0047495,10,3
3012,PGC0047503,3,2
3013,PGC0047512,8,2
3014,PGC0047537,4,2
3015,PGC0047540,-5,0
3016,PGC0047564,-5,0
3017,PGC0047566,1,2
3018,PGC0047579,-2,1
3019,PGC0047589,5,2
3020,PGC0047598,-2,1
3021,PGC0047603,3,2
3022,PGC0047612,4,2
3023,PGC0047634,6,2
3024,PGC0047637,1,2
3025,PGC0047641,3,2
3026,PGC0047654,-5,0
3027,PGC0047658,10,3
3028,PGC0047675,4,2
3029,PGC0047678,1,2
3030,PGC0047680,6,2
3031,PGC0047709,2,2
3032,PGC0047718,7,2
3033,PGC0047794,-3,1
3034,PGC0047809,5,2
3035,PGC0047812,4,2
3036,PGC0047822,-4,0
3037,PGC0047837,-1,1
3038,PGC0047842,3,2
3039,PGC0047853,10,3
3040,PGC0047855,5,2
3041,PGC0047867,6,2
3042,PGC0047869,3,2
3043,PGC0047872,3,2
3044,PGC0047873,0,2
3045,PGC0047895,0,2
3046,PGC0047896,8,2
3047,PGC0047904,7,2
3048,PGC0047915,2,2
3049,PGC0047929,8,2
3050,PGC0047932,5,2
3051,PGC0047935,5,2
3052,PGC0047939,5,2
3053,PGC0047947,7,2
3054,PGC0047951,8,2
3055,PGC0047953,1,2
3056,PGC0047961,2,2
3057,PGC0047971,5,2
3058,PGC0047980,1,2
3059,PGC0047985,5,2
3060,PGC0047988,7,2
3061,PGC0047996,6,2
3062,PGC0048012,8,2
3063,PGC0048047,0,2
3064,PGC0048053,10,3
3065,PGC0048064,8,2
3066,PGC0048072,10,3
3067,PGC0048080,5,2
3068,PGC0048084,8,2
3069,PGC0048101,-3,1
3070,PGC0048105,1,2
3071,PGC0048122,9,2
3072,PGC0048127,3,2
3073,PGC0048128,3,2
3074,PGC0048130,3,2
3075,PGC0048184,7,2
3076,PGC0048185,4,2
3077,PGC0048189,-3,1
3078,PGC0048202,3,2
3079,PGC0048207,2,2
3080,PGC0048212,10,3
3081,PGC0048217,4,2
3082,PGC0048246,8,2
3083,PGC0048251,6,2
3084,PGC0048259,9,2
3085,PGC0048270,4,2
3086,PGC0048273,3,2
3087,PGC0048277,-4,0
3088,PGC0048285,2,2
3089,PGC0048291,7,2
3090,PGC0048294,6,2
3091,PGC0048318,10,3
3092,PGC0048327,4,2
3093,PGC0048330,4,2
3094,PGC0048338,3,2
3095,PGC0048358,3,2
3096,PGC0048366,5,2
3097,PGC0048388,10,3
3098,PGC0048392,6,2
3099,PGC0048393,2,2
3100,PGC0048421,5,2
3101,PGC0048441,8,2
3102,PGC0048453,7,2
3103,PGC0048465,9,2
3104,PGC0048468,-5,0
3105,PGC0048473,3,2
3106,PGC0048482,3,2
3107,PGC0048497,10,3
3108,PGC0048521,-2,1
3109,PGC0048525,8,2
3110,PGC0048527,3,2
3111,PGC0048534,7,2
3112,PGC0048542,6,2
3113,PGC0048557,10,3
3114,PGC0048558,4,2
3115,PGC0048597,4,2
3116,PGC0048675,-3,1
3117,PGC0048684,2,2
3118,PGC0048688,-5,0
3119,PGC0048693,6,2
3120,PGC0048756,5,2
3121,PGC0048767,2,2
3122,PGC0048777,4,2
3123,PGC0048784,-3,1
3124,PGC0048801,4,2
3125,PGC0048811,11,4
3126,PGC0048815,4,2
3127,PGC0048816,3,2
3128,PGC0048823,10,3
3129,PGC0048860,-2,1
3130,PGC0048862,6,2
3131,PGC0048869,6,2
3132,PGC0048884,0,2
3133,PGC0048897,8,2
3134,PGC0048930,4,2
3135,PGC0048947,0,2
3136,PGC0048952,0,2
3137,PGC0048959,6,2
3138,PGC0048989,9,2
3139,PGC0049011,-1,1
3140,PGC0049030,9,2
3141,PGC0049044,-5,0
3142,PGC0049049,-4,0
3143,PGC0049062,9,2
3144,PGC0049067,1,2
3145,PGC0049069,3,2
3146,PGC0049092,10,3
3147,PGC0049112,4,2
3148,PGC0049138,0,2
3149,PGC0049139,-2,1
3150,PGC0049141,-5,0
3151,PGC0049145,6,2
3152,PGC0049146,4,2
3153,PGC0049157,0,2
3154,PGC0049158,10,3
3155,PGC0049174,3,2
3156,PGC0049192,-2,1
3157,PGC0049204,1,2
3158,PGC0049227,-4,0
3159,PGC0049234,4,2
3160,PGC0049244,1,2
3161,PGC0049248,-5,0
3162,PGC0049250,6,2
3163,PGC0049264,3,2
3164,PGC0049281,-2,1
3165,PGC0049287,-2,1
3166,PGC0049289,-5,0
3167,PGC0049294,9,2
3168,PGC0049299,9,2
3169,PGC0049301,7,2
3170,PGC0049303,4,2
3171,PGC0049306,3,2
3172,PGC0049308,7,2
3173,PGC0049310,2,2
3174,PGC0049322,8,2
3175,PGC0049333,6,2
3176,PGC0049335,7,2
3177,PGC0049336,3,2
3178,PGC0049337,4,2
3179,PGC0049342,3,2
3180,PGC0049343,11,4
3181,PGC0049347,5,2
3182,PGC0049353,11,4
3183,PGC0049359,3,2
3184,PGC0049362,6,2
3185,PGC0049370,-5,0
3186,PGC0049373,4,2
3187,PGC0049380,0,2
3188,PGC0049389,-3,1
3189,PGC0049391,6,2
3190,PGC0049399,7,2
3191,PGC0049408,0,2
3192,PGC0049411,5,2
3193,PGC0049415,1,2
3194,PGC0049422,3,2
3195,PGC0049431,3,2
3196,PGC0049434,3,2
3197,PGC0049448,10,3
3198,PGC0049452,10,3
3199,PGC0049464,4,2
3200,PGC0049468,4,2
3201,PGC0049489,3,2
3202,PGC0049508,0,2
3203,PGC0049512,8,2
3204,PGC0049519,9,2
3205,PGC0049529,-2,1
3206,PGC0049533,6,2
3207,PGC0049540,5,2
3208,PGC0049542,4,2
3209,PGC0049548,0,2
3210,PGC0049555,5,2
3211,PGC0049563,0,2
3212,PGC0049569,3,2
3213,PGC0049571,11,4
3214,PGC0049579,8,2
3215,PGC0049598,1,2
3216,PGC0049604,4,2
3217,PGC0049605,-2,1
3218,PGC0049608,-2,1
3219,PGC0049618,3,2
3220,PGC0049624,8,2
3221,PGC0049634,5,2
3222,PGC0049640,7,2
3223,PGC0049641,8,2
3224,PGC0049650,3,2
3225,PGC0049654,8,2
3226,PGC0049657,6,2
3227,PGC0049663,10,3
3228,PGC0049672,3,2
3229,PGC0049677,-5,0
3230,PGC0049704,11,4
3231,PGC0049707,0,2
3232,PGC0049709,7,2
3233,PGC0049711,-1,1
3234,PGC0049719,3,2
3235,PGC0049724,5,2
3236,PGC0049739,3,2
3237,PGC0049741,7,2
3238,PGC0049747,3,2
3239,PGC0049752,7,2
3240,PGC0049758,6,2
3241,PGC0049791,7,2
3242,PGC0049792,-1,1
3243,PGC0049798,7,2
3244,PGC0049806,6,2
3245,PGC0049810,-2,1
3246,PGC0049814,10,3
3247,PGC0049820,3,2
3248,PGC0049835,0,2
3249,PGC0049841,0,2
3250,PGC0049846,7,2
3251,PGC0049847,3,2
3252,PGC0049869,-4,0
3253,PGC0049874,-1,1
3254,PGC0049881,3,2
3255,PGC0049882,7,2
3256,PGC0049889,6,2
3257,PGC0049894,9,2
3258,PGC0049896,10,3
3259,PGC0049925,6,2
3260,PGC0049956,-1,1
3261,PGC0049967,-2,1
3262,PGC0049978,3,2
3263,PGC0049991,4,2
3264,PGC0049993,1,2
3265,PGC0049995,1,2
3266,PGC0050010,-2,1
3267,PGC0050012,3,2
3268,PGC0050018,9,2
3269,PGC0050028,-5,0
3270,PGC0050030,7,2
3271,PGC0050031,2,2
3272,PGC0050035,-1,1
3273,PGC0050042,1,2
3274,PGC0050060,8,2
3275,PGC0050063,5,2
3276,PGC0050069,7,2
3277,PGC0050080,-5,0
3278,PGC0050089,8,2
3279,PGC0050090,-1,1
3280,PGC0050097,3,2
3281,PGC0050123,-3,1
3282,PGC0050126,6,2
3283,PGC0050130,4,2
3284,PGC0050139,1,2
3285,PGC0050144,11,4
3286,PGC0050167,7,2
3287,PGC0050180,8,2
3288,PGC0050181,6,2
3289,PGC0050190,6,2
3290,PGC0050191,-1,1
3291,PGC0050192,-5,0
3292,PGC0050194,8,2
3293,PGC0050203,2,2
3294,PGC0050204,4,2
3295,PGC0050215,-5,0
3296,PGC0050216,9,2
3297,PGC0050218,6,2
3298,PGC0050221,8,2
3299,PGC0050229,8,2
3300,PGC0050231,-2,1
3301,PGC0050232,8,2
3302,PGC0050251,0,2
3303,PGC0050262,10,3
3304,PGC0050306,6,2
3305,PGC0050312,4,2
3306,PGC0050317,5,2
3307,PGC0050318,8,2
3308,PGC0050331,-5,0
3309,PGC0050338,11,4
3310,PGC0050341,8,2
3311,PGC0050351,4,2
3312,PGC0050355,4,2
3313,PGC0050369,-1,1
3314,PGC0050383,9,2
3315,PGC0050398,4,2
3316,PGC0050412,3,2
3317,PGC0050430,4,2
3318,PGC0050436,4,2
3319,PGC0050437,8,2
3320,PGC0050443,4,2
3321,PGC0050457,8,2
3322,PGC0050464,3,2
3323,PGC0050472,8,2
3324,PGC0050479,-2,1
3325,PGC0050485,6,2
3326,PGC0050581,7,2
3327,PGC0050582,6,2
3328,PGC0050586,8,2
3329,PGC0050587,6,2
3330,PGC0050588,-5,0
3331,PGC0050590,9,2
3332,PGC0050610,5,2
3333,PGC0050611,6,2
3334,PGC0050629,5,2
3335,PGC0050639,0,2
3336,PGC0050664,8,2
3337,PGC0050674,8,2
3338,PGC0050676,6,2
3339,PGC0050690,-5,0
3340,PGC0050693,0,2
3341,PGC0050709,5,2
3342,PGC0050722,7,2
3343,PGC0050724,-2,1
3344,PGC0050728,3,2
3345,PGC0050741,4,2
3346,PGC0050745,3,2
3347,PGC0050750,3,2
3348,PGC0050758,1,2
3349,PGC0050782,0,2
3350,PGC0050784,4,2
3351,PGC0050786,-2,1
3352,PGC0050832,5,2
3353,PGC0050838,5,2
3354,PGC0050840,4,2
3355,PGC0050865,4,2
3356,PGC0050891,-2,1
3357,PGC0050895,5,2
3358,PGC0050897,4,2
3359,PGC0050902,9,2
3360,PGC0050908,6,2
3361,PGC0050909,2,2
3362,PGC0050918,5,2
3363,PGC0050942,3,2
3364,PGC0050946,0,2
3365,PGC0050954,9,2
3366,PGC0050972,6,2
3367,PGC0050973,2,2
3368,PGC0050986,1,2
3369,PGC0050990,8,2
3370,PGC0050994,6,2
3371,PGC0051006,-5,0
3372,PGC0051008,10,3
3373,PGC0051012,6,2
3374,PGC0051018,0,2
3375,PGC0051023,4,2
3376,PGC0051026,7,2
3377,PGC0051036,7,2
3378,PGC0051044,5,2
3379,PGC0051074,0,2
3380,PGC0051084,-5,0
3381,PGC0051090,6,2
3382,PGC0051094,4,2
3383,PGC0051095,-2,1
3384,PGC0051100,4,2
3385,PGC0051104,-1,1
3386,PGC0051105,-2,1
3387,PGC0051113,6,2
3388,PGC0051128,6,2
3389,PGC0051130,4,2
3390,PGC0051155,3,2
3391,PGC0051196,5,2
3392,PGC0051207,7,2
3393,PGC0051210,9,2
3394,PGC0051223,5,2
3395,PGC0051233,1,2
3396,PGC0051236,7,2
3397,PGC0051237,6,2
3398,PGC0051241,9,2
3399,PGC0051251,-2,1
3400,PGC0051256,9,2
3401,PGC0051264,6,2
3402,PGC0051270,-1,1
3403,PGC0051272,-5,0
3404,PGC0051275,-5,0
3405,PGC0051281,10,3
3406,PGC0051286,5,2
3407,PGC0051300,1,2
3408,PGC0051302,3,2
3409,PGC0051303,3,2
3410,PGC0051312,-5,0
3411,PGC0051319,4,2
3412,PGC0051332,1,2
3413,PGC0051340,-2,1
3414,PGC0051344,6,2
3415,PGC0051354,-5,0
3416,PGC0051355,-2,1
3417,PGC0051358,10,3
3418,PGC0051368,5,2
3419,PGC0051371,3,2
3420,PGC0051372,6,2
3421,PGC0051382,-5,0
3422,PGC0051396,9,2
3423,PGC0051400,6,2
3424,PGC0051417,-5,0
3425,PGC0051423,4,2
3426,PGC0051426,6,2
3427,PGC0051431,-2,1
3428,PGC0051433,0,2
3429,PGC0051439,2,2
3430,PGC0051448,3,2
3431,PGC0051449,9,2
3432,PGC0051450,3,2
3433,PGC0051455,9,2
3434,PGC0051462,2,2
3435,PGC0051470,2,2
3436,PGC0051471,3,2
3437,PGC0051472,10,3
3438,PGC0051477,7,2
3439,PGC0051483,5,2
3440,PGC0051498,3,2
3441,PGC0051503,7,2
3442,PGC0051509,7,2
3443,PGC0051511,8,2
3444,PGC0051537,2,2
3445,PGC0051541,5,2
3446,PGC0051561,8,2
3447,PGC0051564,-1,1
3448,PGC0051589,4,2
3449,PGC0051598,-3,1
3450,PGC0051599,7,2
3451,PGC0051603,4,2
3452,PGC0051604,10,3
3453,PGC0051610,3,2
3454,PGC0051612,2,2
3455,PGC0051620,3,2
3456,PGC0051621,9,2
3457,PGC0051622,4,2
3458,PGC0051631,9,2
3459,PGC0051635,6,2
3460,PGC0051638,7,2
3461,PGC0051645,7,2
3462,PGC0051650,4,2
3463,PGC0051664,9,2
3464,PGC0051665,9,2
3465,PGC0051668,-2,1
3466,PGC0051681,-3,1
3467,PGC0051685,7,2
3468,PGC0051695,-1,1
3469,PGC0051703,-1,1
3470,PGC0051705,-5,0
3471,PGC0051713,6,2
3472,PGC0051725,0,2
3473,PGC0051728,-2,1
3474,PGC0051730,6,2
3475,PGC0051733,4,2
3476,PGC0051735,-2,1
3477,PGC0051741,8,2
3478,PGC0051747,8,2
3479,PGC0051751,-5,0
3480,PGC0051754,0,2
3481,PGC0051758,1,2
3482,PGC0051779,4,2
3483,PGC0051780,9,2
3484,PGC0051782,8,2
3485,PGC0051784,4,2
3486,PGC0051785,1,2
3487,PGC0051787,-5,0
3488,PGC0051795,6,2
3489,PGC0051798,8,2
3490,PGC0051803,9,2
3491,PGC0051809,8,2
3492,PGC0051814,3,2
3493,PGC0051819,7,2
3494,PGC0051829,4,2
3495,PGC0051830,9,2
3496,PGC0051831,3,2
3497,PGC0051834,-5,0
3498,PGC0051838,1,2
3499,PGC0051843,-2,1
3500,PGC0051846,6,2
3501,PGC0051850,3,2
3502,PGC0051857,6,2
3503,PGC0051864,9,2
3504,PGC0051865,5,2
3505,PGC0051875,3,2
3506,PGC0051878,5,2
3507,PGC0051895,3,2
3508,PGC0051901,5,2
3509,PGC0051909,7,2
3510,PGC0051921,5,2
3511,PGC0051932,3,2
3512,PGC0051953,5,2
3513,PGC0051955,2,2
3514,PGC0051957,8,2
3515,PGC0051958,7,2
3516,PGC0051964,9,2
3517,PGC0051973,6,2
3518,PGC0051978,3,2
3519,PGC0052006,7,2
3520,PGC0052010,0,2
3521,PGC0052011,5,2
3522,PGC0052016,9,2
3523,PGC0052018,7,2
3524,PGC0052023,6,2
3525,PGC0052027,4,2
3526,PGC0052042,3,2
3527,PGC0052044,3,2
3528,PGC0052051,6,2
3529,PGC0052088,8,2
3530,PGC0052091,9,2
3531,PGC0052092,10,3
3532,PGC0052107,7,2
3533,PGC0052114,0,2
3534,PGC0052115,2,2
3535,PGC0052116,-5,0
3536,PGC0052131,1,2
3537,PGC0052132,4,2
3538,PGC0052137,0,2
3539,PGC0052141,9,2
3540,PGC0052142,9,2
3541,PGC0052153,7,2
3542,PGC0052154,0,2
3543,PGC0052159,7,2
3544,PGC0052160,1,2
3545,PGC0052167,9,2
3546,PGC0052171,3,2
3547,PGC0052173,-5,0
3548,PGC0052178,10,3
3549,PGC0052179,-5,0
3550,PGC0052192,-5,0
3551,PGC0052194,8,2
3552,PGC0052199,-5,0
3553,PGC0052235,2,2
3554,PGC0052247,6,2
3555,PGC0052248,6,2
3556,PGC0052251,4,2
3557,PGC0052254,5,2
3558,PGC0052263,8,2
3559,PGC0052264,1,2
3560,PGC0052266,-2,1
3561,PGC0052273,3,2
3562,PGC0052291,3,2
3563,PGC0052307,6,2
3564,PGC0052315,9,2
3565,PGC0052328,4,2
3566,PGC0052338,5,2
3567,PGC0052340,-1,1
3568,PGC0052343,4,2
3569,PGC0052344,5,2
3570,PGC0052349,-3,1
3571,PGC0052356,9,2
3572,PGC0052359,8,2
3573,PGC0052364,8,2
3574,PGC0052365,0,2
3575,PGC0052379,2,2
3576,PGC0052383,8,2
3577,PGC0052390,7,2
3578,PGC0052395,7,2
3579,PGC0052396,6,2
3580,PGC0052412,3,2
3581,PGC0052416,0,2
3582,PGC0052421,4,2
3583,PGC0052424,7,2
3584,PGC0052429,-2,1
3585,PGC0052433,-2,1
3586,PGC0052438,4,2
3587,PGC0052441,-2,1
3588,PGC0052453,0,2
3589,PGC0052455,1,2
3590,PGC0052456,9,2
3591,PGC0052466,9,2
3592,PGC0052476,5,2
3593,PGC0052478,-1,1
3594,PGC0052488,5,2
3595,PGC0052491,9,2
3596,PGC0052495,9,2
3597,PGC0052499,6,2
3598,PGC0052500,8,2
3599,PGC0052504,6,2
3600,PGC0052527,1,2
3601,PGC0052531,0,2
3602,PGC0052532,5,2
3603,PGC0052535,4,2
3604,PGC0052550,9,2
3605,PGC0052558,8,2
3606,PGC0052602,6,2
3607,PGC0052607,6,2
3608,PGC0052608,6,2
3609,PGC0052614,-2,1
3610,PGC0052625,1,2
3611,PGC0052641,3,2
3612,PGC0052654,2,2
3613,PGC0052665,1,2
3614,PGC0052686,3,2
3615,PGC0052689,10,3
3616,PGC0052702,10,3
3617,PGC0052712,4,2
3618,PGC0052713,5,2
3619,PGC0052732,1,2
3620,PGC0052735,1,2
3621,PGC0052741,-1,1
3622,PGC0052743,-5,0
3623,PGC0052752,-5,0
3624,PGC0052754,-5,0
3625,PGC0052766,4,2
3626,PGC0052781,1,2
3627,PGC0052788,-5,0
3628,PGC0052795,8,2
3629,PGC0052826,5,2
3630,PGC0052877,3,2
3631,PGC0052883,-4,0
3632,PGC0052901,5,2
3633,PGC0052908,5,2
3634,PGC0052912,-2,1
3635,PGC0052920,0,2
3636,PGC0052921,4,2
3637,PGC0052924,0,2
3638,PGC0052942,-1,1
3639,PGC0052949,7,2
3640,PGC0052952,9,2
3641,PGC0052979,4,2
3642,PGC0052986,1,2
3643,PGC0052998,6,2
3644,PGC0053000,-3,1
3645,PGC0053010,1,2
3646,PGC0053043,2,2
3647,PGC0053067,2,2
3648,PGC0053073,9,2
3649,PGC0053083,6,2
3650,PGC0053089,4,2
3651,PGC0053094,2,2
3652,PGC0053178,2,2
3653,PGC0053201,-1,1
3654,PGC0053217,5,2
3655,PGC0053231,6,2
3656,PGC0053247,4,2
3657,PGC0053260,-5,0
3658,PGC0053265,-1,1
3659,PGC0053268,4,2
3660,PGC0053278,7,2
3661,PGC0053307,5,2
3662,PGC0053313,3,2
3663,PGC0053317,8,2
3664,PGC0053332,5,2
3665,PGC0053335,6,2
3666,PGC0053350,6,2
3667,PGC0053376,4,2
3668,PGC0053379,-5,0
3669,PGC0053383,9,2
3670,PGC0053387,4,2
3671,PGC0053408,-5,0
3672,PGC0053411,4,2
3673,PGC0053414,9,2
3674,PGC0053418,-4,0
3675,PGC0053419,8,2
3676,PGC0053424,2,2
3677,PGC0053428,-1,1
3678,PGC0053437,3,2
3679,PGC0053441,3,2
3680,PGC0053442,0,2
3681,PGC0053463,7,2
3682,PGC0053470,3,2
3683,PGC0053476,8,2
3684,PGC0053486,8,2
3685,PGC0053499,3,2
3686,PGC0053508,2,2
3687,PGC0053510,10,3
3688,PGC0053511,-2,1
3689,PGC0053530,-5,0
3690,PGC0053556,4,2
3691,PGC0053557,8,2
3692,PGC0053561,3,2
3693,PGC0053563,6,2
3694,PGC0053578,3,2
3695,PGC0053597,10,3
3696,PGC0053616,9,2
3697,PGC0053622,8,2
3698,PGC0053631,4,2
3699,PGC0053643,-5,0
3700,PGC0053644,9,2
3701,PGC0053653,2,2
3702,PGC0053657,6,2
3703,PGC0053674,2,2
3704,PGC0053675,4,2
3705,PGC0053676,3,2
3706,PGC0053681,6,2
3707,PGC0053683,8,2
3708,PGC0053696,0,2
3709,PGC0053699,1,2
3710,PGC0053709,6,2
3711,PGC0053737,8,2
3712,PGC0053744,7,2
3713,PGC0053749,3,2
3714,PGC0053758,4,2
3715,PGC0053763,0,2
3716,PGC0053770,-5,0
3717,PGC0053802,7,2
3718,PGC0053803,2,2
3719,PGC0053812,4,2
3720,PGC0053838,4,2
3721,PGC0053844,7,2
3722,PGC0053857,3,2
3723,PGC0053862,-2,1
3724,PGC0053865,-2,1
3725,PGC0053869,1,2
3726,PGC0053876,5,2
3727,PGC0053888,6,2
3728,PGC0053896,9,2
3729,PGC0053901,-6,0
3730,PGC0053908,0,2
3731,PGC0053930,-6,0
3732,PGC0053932,-5,0
3733,PGC0053933,-1,1
3734,PGC0053936,4,2
3735,PGC0053941,-1,1
3736,PGC0053943,-1,1
3737,PGC0053949,11,4
3738,PGC0053951,3,2
3739,PGC0053959,5,2
3740,PGC0053967,3,2
3741,PGC0053976,3,2
3742,PGC0053979,3,2
3743,PGC0054013,0,2
3744,PGC0054018,5,2
3745,PGC0054039,3,2
3746,PGC0054084,9,2
3747,PGC0054095,4,2
3748,PGC0054110,0,2
3749,PGC0054111,-1,1
3750,PGC0054117,3,2
3751,PGC0054118,-1,1
3752,PGC0054119,-2,1
3753,PGC0054123,2,2
3754,PGC0054134,8,2
3755,PGC0054171,8,2
3756,PGC0054188,3,2
3757,PGC0054195,4,2
3758,PGC0054197,1,2
3759,PGC0054200,5,2
3760,PGC0054232,5,2
3761,PGC0054234,4,2
3762,PGC0054238,9,2
3763,PGC0054262,7,2
3764,PGC0054267,9,2
3765,PGC0054282,1,2
3766,PGC0054314,10,3
3767,PGC0054316,1,2
3768,PGC0054317,4,2
3769,PGC0054336,9,2
3770,PGC0054340,3,2
3771,PGC0054343,5,2
3772,PGC0054351,5,2
3773,PGC0054377,6,2
3774,PGC0054379,1,2
3775,PGC0054407,3,2
3776,PGC0054416,0,2
3777,PGC0054420,5,2
3778,PGC0054424,4,2
3779,PGC0054428,3,2
3780,PGC0054431,3,2
3781,PGC0054443,1,2
3782,PGC0054445,3,2
3783,PGC0054455,3,2
3784,PGC0054470,5,2
3785,PGC0054473,4,2
3786,PGC0054488,3,2
3787,PGC0054503,8,2
3788,PGC0054522,2,2
3789,PGC0054526,-4,0
3790,PGC0054564,8,2
3791,PGC0054612,4,2
3792,PGC0054614,4,2
3793,PGC0054618,3,2
3794,PGC0054648,8,2
3795,PGC0054664,1,2
3796,PGC0054674,8,2
3797,PGC0054683,8,2
3798,PGC0054690,4,2
3799,PGC0054691,9,2
3800,PGC0054761,4,2
3801,PGC0054780,4,2
3802,PGC0054790,0,2
3803,PGC0054815,2,2
3804,PGC0054832,5,2
3805,PGC0054834,6,2
3806,PGC0054839,-4,0
3807,PGC0054849,4,2
3808,PGC0054885,5,2
3809,PGC0054895,4,2
3810,PGC0054909,7,2
3811,PGC0054911,5,2
3812,PGC0054976,6,2
3813,PGC0054979,7,2
3814,PGC0054980,5,2
3815,PGC0055047,8,2
3816,PGC0055065,4,2
3817,PGC0055066,2,2
3818,PGC0055069,4,2
3819,PGC0055076,0,2
3820,PGC0055078,8,2
3821,PGC0055080,3,2
3822,PGC0055095,10,3
3823,PGC0055097,7,2
3824,PGC0055104,5,2
3825,PGC0055132,7,2
3826,PGC0055229,4,2
3827,PGC0055242,-1,1
3828,PGC0055243,2,2
3829,PGC0055247,5,2
3830,PGC0055273,10,3
3831,PGC0055274,3,2
3832,PGC0055281,3,2
3833,PGC0055282,8,2
3834,PGC0055295,3,2
3835,PGC0055296,6,2
3836,PGC0055305,5,2
3837,PGC0055318,4,2
3838,PGC0055349,3,2
3839,PGC0055355,7,2
3840,PGC0055360,-4,0
3841,PGC0055377,5,2
3842,PGC0055388,6,2
3843,PGC0055446,1,2
3844,PGC0055459,3,2
3845,PGC0055476,7,2
3846,PGC0055493,8,2
3847,PGC0055517,3,2
3848,PGC0055529,1,2
3849,PGC0055551,-6,0
3850,PGC0055552,-5,0
3851,PGC0055559,-5,0
3852,PGC0055578,-1,1
3853,PGC0055601,1,2
3854,PGC0055607,8,2
3855,PGC0055620,3,2
3856,PGC0055621,9,2
3857,PGC0055629,-2,1
3858,PGC0055637,7,2
3859,PGC0055648,-1,1
3860,PGC0055668,8,2
3861,PGC0055687,4,2
3862,PGC0055701,4,2
3863,PGC0055708,0,2
3864,PGC0055722,4,2
3865,PGC0055730,5,2
3866,PGC0055733,-4,0
3867,PGC0055740,1,2
3868,PGC0055750,6,2
3869,PGC0055756,8,2
3870,PGC0055759,0,2
3871,PGC0055769,0,2
3872,PGC0055792,4,2
3873,PGC0055797,6,2
3874,PGC0055811,1,2
3875,PGC0055816,2,2
3876,PGC0055821,6,2
3877,PGC0055824,7,2
3878,PGC0055833,10,3
3879,PGC0055841,-1,1
3880,PGC0055844,2,2
3881,PGC0055845,-5,0
3882,PGC0055864,1,2
3883,PGC0055873,5,2
3884,PGC0055881,4,2
3885,PGC0055910,-3,1
3886,PGC0055916,2,2
3887,PGC0055918,5,2
3888,PGC0055921,3,2
3889,PGC0055923,6,2
3890,PGC0055925,7,2
3891,PGC0055927,9,2
3892,PGC0055930,7,2
3893,PGC0055943,-4,0
3894,PGC0055949,8,2
3895,PGC0055955,5,2
3896,PGC0055962,8,2
3897,PGC0055963,4,2
3898,PGC0055965,10,3
3899,PGC0055968,7,2
3900,PGC0055973,7,2
3901,PGC0055989,10,3
3902,PGC0055993,3,2
3903,PGC0056001,10,3
3904,PGC0056005,8,2
3905,PGC0056014,2,2
3906,PGC0056022,-1,1
3907,PGC0056025,3,2
3908,PGC0056056,3,2
3909,PGC0056094,6,2
3910,PGC0056108,4,2
3911,PGC0056111,8,2
3912,PGC0056130,-2,1
3913,PGC0056131,-5,0
3914,PGC0056139,-2,1
3915,PGC0056166,3,2
3916,PGC0056168,8,2
3917,PGC0056169,5,2
3918,PGC0056186,6,2
3919,PGC0056199,8,2
3920,PGC0056200,3,2
3921,PGC0056205,6,2
3922,PGC0056206,-1,1
3923,PGC0056210,10,3
3924,PGC0056216,-1,1
3925,PGC0056257,6,2
3926,PGC0056267,5,2
3927,PGC0056284,4,2
3928,PGC0056287,4,2
3929,PGC0056289,4,2
3930,PGC0056323,6,2
3931,PGC0056329,1,2
3932,PGC0056337,-2,1
3933,PGC0056338,-3,1
3934,PGC0056345,4,2
3935,PGC0056352,6,2
3936,PGC0056364,-2,1
3937,PGC0056366,8,2
3938,PGC0056377,1,2
3939,PGC0056386,10,3
3940,PGC0056397,8,2
3941,PGC0056398,-5,0
3942,PGC0056400,5,2
3943,PGC0056409,7,2
3944,PGC0056410,4,2
3945,PGC0056437,-2,1
3946,PGC0056443,-3,1
3947,PGC0056450,-5,0
3948,PGC0056462,-5,0
3949,PGC0056465,5,2
3950,PGC0056467,-5,0
3951,PGC0056476,2,2
3952,PGC0056479,5,2
3953,PGC0056481,1,2
3954,PGC0056482,-2,1
3955,PGC0056487,3,2
3956,PGC0056490,1,2
3957,PGC0056492,-5,0
3958,PGC0056495,3,2
3959,PGC0056503,6,2
3960,PGC0056514,1,2
3961,PGC0056529,6,2
3962,PGC0056537,5,2
3963,PGC0056544,-2,1
3964,PGC0056573,2,2
3965,PGC0056575,-1,1
3966,PGC0056576,1,2
3967,PGC0056578,8,2
3968,PGC0056584,-2,1
3969,PGC0056595,1,2
3970,PGC0056599,1,2
3971,PGC0056611,4,2
3972,PGC0056617,3,2
3973,PGC0056636,3,2
3974,PGC0056648,3,2
3975,PGC0056650,-5,0
3976,PGC0056655,4,2
3977,PGC0056659,4,2
3978,PGC0056663,-2,1
3979,PGC0056666,1,2
3980,PGC0056667,3,2
3981,PGC0056685,-3,1
3982,PGC0056693,3,2
3983,PGC0056695,-5,0
3984,PGC0056697,2,2
3985,PGC0056700,3,2
3986,PGC0056704,-5,0
3987,PGC0056712,-2,1
3988,PGC0056716,0,2
3989,PGC0056717,-5,0
3990,PGC0056723,7,2
3991,PGC0056727,1,2
3992,PGC0056731,1,2
3993,PGC0056744,6,2
3994,PGC0056745,10,3
3995,PGC0056750,-3,1
3996,PGC0056755,-4,0
3997,PGC0056763,-3,1
3998,PGC0056765,-2,1
3999,PGC0056769,-2,1
4000,PGC0056770,-4,0
4001,PGC0056776,2,2
4002,PGC0056777,1,2
4003,PGC0056778,6,2
4004,PGC0056780,-4,0
4005,PGC0056784,-4,0
4006,PGC0056812,4,2
4007,PGC0056813,0,2
4008,PGC0056827,3,2
4009,PGC0056838,-5,0
4010,PGC0056839,4,2
4011,PGC0056842,4,2
4012,PGC0056843,6,2
4013,PGC0056844,8,2
4014,PGC0056847,-5,0
4015,PGC0056857,3,2
4016,PGC0056864,4,2
4017,PGC0056870,10,3
4018,PGC0056872,-3,1
4019,PGC0056874,-3,1
4020,PGC0056875,0,2
4021,PGC0056877,-5,0
4022,PGC0056878,3,2
4023,PGC0056890,1,2
4024,PGC0056893,1,2
4025,PGC0056898,1,2
4026,PGC0056903,1,2
4027,PGC0056907,4,2
4028,PGC0056932,3,2
4029,PGC0056935,4,2
4030,PGC0056942,-2,1
4031,PGC0056943,-5,0
4032,PGC0056948,4,2
4033,PGC0056950,1,2
4034,PGC0056959,10,3
4035,PGC0056962,-4,0
4036,PGC0056972,-4,0
4037,PGC0056987,5,2
4038,PGC0056997,4,2
4039,PGC0057004,-5,0
4040,PGC0057005,-1,1
4041,PGC0057006,-5,0
4042,PGC0057015,-2,1
4043,PGC0057019,-5,0
4044,PGC0057031,4,2
4045,PGC0057033,-4,0
4046,PGC0057037,4,2
4047,PGC0057039,6,2
4048,PGC0057053,7,2
4049,PGC0057058,4,2
4050,PGC0057059,0,2
4051,PGC0057061,6,2
4052,PGC0057062,-3,1
4053,PGC0057063,0,2
4054,PGC0057068,-3,1
4055,PGC0057072,-2,1
4056,PGC0057073,3,2
4057,PGC0057075,1,2
4058,PGC0057076,-2,1
4059,PGC0057082,3,2
4060,PGC0057083,0,2
4061,PGC0057084,-1,1
4062,PGC0057086,-5,0
4063,PGC0057088,1,2
4064,PGC0057090,-5,0
4065,PGC0057093,4,2
4066,PGC0057095,3,2
4067,PGC0057096,0,2
4068,PGC0057097,3,2
4069,PGC0057101,-5,0
4070,PGC0057110,4,2
4071,PGC0057111,3,2
4072,PGC0057118,3,2
4073,PGC0057121,6,2
4074,PGC0057122,1,2
4075,PGC0057124,8,2
4076,PGC0057125,5,2
4077,PGC0057128,-5,0
4078,PGC0057131,7,2
4079,PGC0057132,4,2
4080,PGC0057135,1,2
4081,PGC0057136,4,2
4082,PGC0057137,-5,0
4083,PGC0057139,0,2
4084,PGC0057145,4,2
4085,PGC0057147,-5,0
4086,PGC0057155,-1,1
4087,PGC0057156,4,2
4088,PGC0057157,3,2
4089,PGC0057160,3,2
4090,PGC0057172,-5,0
4091,PGC0057173,2,2
4092,PGC0057175,3,2
4093,PGC0057177,-2,1
4094,PGC0057178,3,2
4095,PGC0057182,-2,1
4096,PGC0057184,4,2
4097,PGC0057187,3,2
4098,PGC0057193,1,2
4099,PGC0057199,4,2
4100,PGC0057205,5,2
4101,PGC0057214,2,2
4102,PGC0057218,6,2
4103,PGC0057234,3,2
4104,PGC0057261,8,2
4105,PGC0057278,5,2
4106,PGC0057280,4,2
4107,PGC0057284,4,2
4108,PGC0057287,6,2
4109,PGC0057302,9,2
4110,PGC0057325,1,2
4111,PGC0057332,7,2
4112,PGC0057333,4,2
4113,PGC0057337,6,2
4114,PGC0057338,10,3
4115,PGC0057345,3,2
4116,PGC0057349,3,2
4117,PGC0057353,4,2
4118,PGC0057355,4,2
4119,PGC0057369,3,2
4120,PGC0057377,1,2
4121,PGC0057386,1,2
4122,PGC0057389,3,2
4123,PGC0057390,3,2
4124,PGC0057394,3,2
4125,PGC0057404,-4,0
4126,PGC0057407,6,2
4127,PGC0057408,-5,0
4128,PGC0057424,1,2
4129,PGC0057430,3,2
4130,PGC0057455,-5,0
4131,PGC0057478,7,2
4132,PGC0057482,-5,0
4133,PGC0057486,1,2
4134,PGC0057499,6,2
4135,PGC0057500,-1,1
4136,PGC0057505,4,2
4137,PGC0057508,4,2
4138,PGC0057521,3,2
4139,PGC0057522,10,3
4140,PGC0057529,6,2
4141,PGC0057562,3,2
4142,PGC0057575,1,2
4143,PGC0057582,5,2
4144,PGC0057590,9,2
4145,PGC0057601,6,2
4146,PGC0057627,7,2
4147,PGC0057634,-5,0
4148,PGC0057640,-3,1
4149,PGC0057641,3,2
4150,PGC0057678,9,2
4151,PGC0057694,2,2
4152,PGC0057706,1,2
4153,PGC0057707,-5,0
4154,PGC0057728,-5,0
4155,PGC0057739,8,2
4156,PGC0057766,1,2
4157,PGC0057771,5,2
4158,PGC0057788,6,2
4159,PGC0057796,-1,1
4160,PGC0057799,4,2
4161,PGC0057800,1,2
4162,PGC0057810,-1,1
4163,PGC0057816,6,2
4164,PGC0057827,4,2
4165,PGC0057836,3,2
4166,PGC0057854,6,2
4167,PGC0057882,1,2
4168,PGC0057904,6,2
4169,PGC0057906,10,3
4170,PGC0057927,6,2
4171,PGC0057941,5,2
4172,PGC0057959,4,2
4173,PGC0057966,-3,1
4174,PGC0057974,-5,0
4175,PGC0057978,4,2
4176,PGC0057984,1,2
4177,PGC0057997,0,2
4178,PGC0058031,3,2
4179,PGC0058037,1,2
4180,PGC0058049,10,3
4181,PGC0058055,6,2
4182,PGC0058092,1,2
4183,PGC0058095,2,2
4184,PGC0058104,3,2
4185,PGC0058161,1,2
4186,PGC0058170,7,2
4187,PGC0058183,-2,1
4188,PGC0058185,-5,0
4189,PGC0058199,-5,0
4190,PGC0058224,8,2
4191,PGC0058238,-5,0
4192,PGC0058265,-4,0
4193,PGC0058300,4,2
4194,PGC0058308,3,2
4195,PGC0058311,-3,1
4196,PGC0058336,6,2
4197,PGC0058339,1,2
4198,PGC0058344,3,2
4199,PGC0058348,-3,1
4200,PGC0058357,3,2
4201,PGC0058370,8,2
4202,PGC0058376,4,2
4203,PGC0058390,3,2
4204,PGC0058395,3,2
4205,PGC0058410,4,2
4206,PGC0058423,5,2
4207,PGC0058470,3,2
4208,PGC0058478,8,2
4209,PGC0058491,6,2
4210,PGC0058501,9,2
4211,PGC0058514,4,2
4212,PGC0058523,3,2
4213,PGC0058528,6,2
4214,PGC0058532,6,2
4215,PGC0058538,6,2
4216,PGC0058540,3,2
4217,PGC0058544,3,2
4218,PGC0058545,5,2
4219,PGC0058579,5,2
4220,PGC0058596,3,2
4221,PGC0058610,3,2
4222,PGC0058630,-3,1
4223,PGC0058644,-3,1
4224,PGC0058645,3,2
4225,PGC0058662,1,2
4226,PGC0058664,3,2
4227,PGC0058682,8,2
4228,PGC0058700,6,2
4229,PGC0058728,1,2
4230,PGC0058788,-5,0
4231,PGC0058827,6,2
4232,PGC0058863,3,2
4233,PGC0058880,6,2
4234,PGC0058888,8,2
4235,PGC0058896,1,2
4236,PGC0058942,2,2
4237,PGC0058962,1,2
4238,PGC0058963,1,2
4239,PGC0058967,5,2
4240,PGC0058970,4,2
4241,PGC0058975,6,2
4242,PGC0058989,9,2
4243,PGC0059022,3,2
4244,PGC0059083,4,2
4245,PGC0059084,1,2
4246,PGC0059086,-2,1
4247,PGC0059118,6,2
4248,PGC0059128,-2,1
4249,PGC0059132,9,2
4250,PGC0059222,5,2
4251,PGC0059238,4,2
4252,PGC0059244,7,2
4253,PGC0059250,6,2
4254,PGC0059286,1,2
4255,PGC0059292,-5,0
4256,PGC0059310,10,3
4257,PGC0059315,-3,1
4258,PGC0059332,-5,0
4259,PGC0059340,4,2
4260,PGC0059350,4,2
4261,PGC0059376,4,2
4262,PGC0059408,9,2
4263,PGC0059411,4,2
4264,PGC0059414,-2,1
4265,PGC0059426,-1,1
4266,PGC0059454,3,2
4267,PGC0059456,-4,0
4268,PGC0059460,6,2
4269,PGC0059474,-5,0
4270,PGC0059489,3,2
4271,PGC0059498,6,2
4272,PGC0059514,4,2
4273,PGC0059516,9,2
4274,PGC0059525,-5,0
4275,PGC0059529,4,2
4276,PGC0059535,-5,0
4277,PGC0059554,6,2
4278,PGC0059582,3,2
4279,PGC0059610,6,2
4280,PGC0059616,4,2
4281,PGC0059647,1,2
4282,PGC0059650,4,2
4283,PGC0059655,-1,1
4284,PGC0059657,5,2
4285,PGC0059662,4,2
4286,PGC0059666,6,2
4287,PGC0059676,4,2
4288,PGC0059706,6,2
4289,PGC0059707,5,2
4290,PGC0059727,-5,0
4291,PGC0059732,5,2
4292,PGC0059791,5,2
4293,PGC0059807,3,2
4294,PGC0059817,5,2
4295,PGC0059838,1,2
4296,PGC0059843,4,2
4297,PGC0059862,10,3
4298,PGC0059864,9,2
4299,PGC0059947,-5,0
4300,PGC0059961,4,2
4301,PGC0059997,9,2
4302,PGC0060025,-5,0
4303,PGC0060031,10,3
4304,PGC0060043,3,2
4305,PGC0060044,7,2
4306,PGC0060049,6,2
4307,PGC0060080,10,3
4308,PGC0060105,1,2
4309,PGC0060192,-5,0
4310,PGC0060203,6,2
4311,PGC0060220,9,2
4312,PGC0060228,-5,0
4313,PGC0060239,3,2
4314,PGC0060275,3,2
4315,PGC0060316,8,2
4316,PGC0060317,7,2
4317,PGC0060320,0,2
4318,PGC0060323,-5,0
4319,PGC0060330,4,2
4320,PGC0060343,2,2
4321,PGC0060353,9,2
4322,PGC0060356,6,2
4323,PGC0060357,6,2
4324,PGC0060402,2,2
4325,PGC0060410,5,2
4326,PGC0060442,-3,1
4327,PGC0060443,7,2
4328,PGC0060536,-5,0
4329,PGC0060562,6,2
4330,PGC0060628,0,2
4331,PGC0060723,6,2
4332,PGC0060794,0,2
4333,PGC0065131,3,2
4334,PGC0065132,-1,1
4335,PGC0065152,8,2
4336,PGC0065178,4,2
4337,PGC0065310,4,2
4338,PGC0065351,8,2
4339,PGC0065369,-3,1
4340,PGC0065372,-6,0
4341,PGC0065375,2,2
4342,PGC0065376,-5,0
4343,PGC0065379,-5,0
4344,PGC0065385,0,2
4345,PGC0065398,9,2
4346,PGC0065506,5,2
4347,PGC0065657,4,2
4348,PGC0065676,6,2
4349,PGC0065718,3,2
4350,PGC0065905,2,2
4351,PGC0065943,3,2
4352,PGC0066068,6,2
4353,PGC0066070,5,2
4354,PGC0066325,7,2
4355,PGC0066343,5,2
4356,PGC0066461,4,2
4357,PGC0066559,8,2
4358,PGC0066590,7,2
4359,PGC0066766,2,2
4360,PGC0066774,4,2
4361,PGC0067040,6,2
4362,PGC0067173,5,2
4363,PGC0067205,5,2
4364,PGC0067282,7,2
4365,PGC0067406,1,2
4366,PGC0067506,5,2
4367,PGC0067672,7,2
4368,PGC0067756,8,2
4369,PGC0067891,6,2
4370,PGC0067945,-5,0
4371,PGC0068006,-4,0
4372,PGC0068244,3,2
4373,PGC0068275,3,2
4374,PGC0068341,3,2
4375,PGC0068383,-4,0
4376,PGC0068384,-3,1
4377,PGC0068552,8,2
4378,PGC0068613,8,2
4379,PGC0069089,3,2
4380,PGC0069347,7,2
4381,PGC0069438,9,2
4382,PGC0069505,8,2
4383,PGC0069630,0,2
4384,PGC0069816,10,3
4385,PGC0069829,7,2
4386,PGC0069889,2,2
4387,PGC0069904,0,2
4388,PGC0069905,0,2
4389,PGC0069914,-3,1
4390,PGC0069997,-3,1
4391,PGC0070020,2,2
4392,PGC0070056,8,2
4393,PGC0070084,3,2
4394,PGC0070088,4,2
4395,PGC0070098,2,2
4396,PGC0070108,7,2
4397,PGC0070129,-4,0
4398,PGC0070131,7,2
4399,PGC0070175,7,2
4400,PGC0070271,7,2
4401,PGC0070430,4,2
4402,PGC0070435,1,2
4403,PGC0070467,7,2
4404,PGC0070516,3,2
4405,PGC0070517,8,2
4406,PGC0070539,-5,0
4407,PGC0070547,6,2
4408,PGC0070575,3,2
4409,PGC0070756,8,2
4410,PGC0070761,7,2
4411,PGC0070765,4,2
4412,PGC0070773,7,2
4413,PGC0070794,5,2
4414,PGC0070864,-5,0
4415,PGC0070872,-1,1
4416,PGC0070912,1,2
4417,PGC0070995,2,2
4418,PGC0071021,-5,0
4419,PGC0071025,3,2
4420,PGC0071028,-3,1
4421,PGC0071035,2,2
4422,PGC0071039,-2,1
4423,PGC0071063,3,2
4424,PGC0071343,-4,0
4425,PGC0071345,10,3
4426,PGC0071370,3,2
4427,PGC0071386,-2,1
4428,PGC0071417,-2,1
4429,PGC0071471,7,2
4430,PGC0071538,10,3
4431,PGC0071611,8,2
4432,PGC0071637,8,2
4433,PGC0071699,5,2
4434,PGC0071746,8,2
4435,PGC0071780,7,2
4436,PGC0071836,-2,1
4437,PGC0071837,8,2
4438,PGC0071883,3,2
4439,PGC0071890,7,2
4440,PGC0071920,10,3
4441,PGC0071926,8,2
4442,PGC0071993,-1,1
4443,PGC0072073,8,2
4444,PGC0072122,6,2
4445,PGC0072147,2,2
4446,PGC0072247,3,2
4447,PGC0072250,8,2
4448,PGC0072272,-5,0
4449,PGC0072583,6,2
4450,PGC0072618,4,2
4451,PGC0072709,-3,1
4452,PGC0072803,-3,1
4453,PGC0072806,6,2
4454,PGC0072922,4,2
4455,PGC0072927,3,2
4456,PGC0072930,3,2
4457,PGC0073177,10,3
